STUDIENR,KURSKODE,KURSTXT,BEDOMMELSE,SKALA,ECTS,UDPROVNING,CENSUR,SEMESTER,SEMESTER_START,SEMESTER_END,ATTEMPT
STNR002396,2313,UDVIKLINGSMETODER TIL IT-SYSTEMER,4,7-trinsskala,5,Skriftlig,ekstern censur,Fall 2017,2017-08-01,2017-10-31,1
STNR002396,2315,VERSIONSSTYRING OG TESTMETODER,7,7-trinsskala,5,Afløsningsopgave,ekstern censur,Fall 2017,2017-08-01,2017-10-31,1
STNR002396,2324,VIDEREGAENDE PROGRAMMERING,7,7-trinsskala,10,Skriftlig,ekstern censur,Spring 2018,2018-02-01,2018-05-03,1
STNR002396,2326,ALGORITMER OG DATASTRUKTURER,4,7-trinsskala,5,Skriftlig,ekstern censur,Spring 2018,2018-02-01,2018-05-03,1
STNR002396,2327,INDLEDENDE DATABASER OG DATABASEPROGRAMMERING,7,7-trinsskala,5,Afløsningsopgave,intern censur,Spring 2018,2018-02-01,2018-05-03,1
STNR002396,62409,C PROGRAMMERING FOR JAVA PROGRAMMORER,4,7-trinsskala,5,Mundtlig,intern censur,Spring 2018,2018-02-01,2018-05-03,1
STNR002396,62577,DATAKOMMUNIKATION,4,7-trinsskala,5,Afløsningsopgave,ekstern censur,Spring 2018,2018-02-01,2018-05-03,1
STNR002396,1904,DISKRET MATEMATIK,2,7-trinsskala,5,Skriftlig,intern censur,Fall 2018,2018-08-01,2018-10-31,1
STNR002396,2312,INDLEDENDE PROGRAMMERING,2,7-trinsskala,10,Mundtlig,ekstern censur,Fall 2018,2018-08-01,2018-10-31,1
STNR002396,2323,INTRODUKTION TIL STATISTIK,4,7-trinsskala,5,Skriftlig,ekstern censur,Fall 2018,2018-08-01,2018-10-31,1
STNR002396,2369,SOFTWARE PROCESSER OG MONSTRE,10,7-trinsskala,5,Afløsningsopgave,ekstern censur,Fall 2018,2018-08-01,2018-10-31,1
STNR002396,1901,BASISMAT - INDLEDENDE MATEMATIK FOR DIPLOMINGENIORER,0,7-trinsskala,5,Afløsningsopgave,intern censur,"Spring 2019, Spring 2018, Fall 2018",2018-02-01,2018-11-01,3
STNR002396,2346,DISTRIBUEREDE OG PARALLELLE SYSTEMER,4,7-trinsskala,5,Skriftlig,ekstern censur,Spring 2019,2019-02-01,2019-05-03,1
STNR002396,42430,PROJEKTLEDELSE,10,7-trinsskala,5,Afløsningsopgave,ekstern censur,Spring 2019,2019-02-01,2019-05-03,1
STNR002396,62410,CDIO-PROJEKT,7,7-trinsskala,10,Mundtlig,intern censur,Spring 2019,2019-02-01,2019-05-03,1
STNR002396,62413,AVANCERET OBJEKTORIENTERET PROGRAMMERING MED C# OG .NET,7,7-trinsskala,5,Mundtlig,intern censur,Spring 2019,2019-02-01,2019-05-03,1
STNR002396,62417,MOBIL APPLIKATIONSUDVIKLING MED SWIFT,7,7-trinsskala,5,Mundtlig,intern censur,Spring 2019,2019-02-01,2019-05-03,1
STNR002396,1920,BASISMAT 2 - VIDEREGAENDE MATEMATIK FOR DIPLOMINGENIORER,0,7-trinsskala,5,Skriftlig,intern censur,"Spring 2019, Spring 2019",2019-02-01,2019-08-02,2
STNR002396,2332,COMPILERTEKNIK,7,7-trinsskala,5,Skriftlig,intern censur,Fall 2019,2019-08-01,2019-10-31,1
STNR002396,42435,VIRKSOMHEDSSTART,7,7-trinsskala,5,Skriftlig,ekstern censur,Fall 2019,2019-08-01,2019-10-31,1
STNR002396,62550,BRUGERINTERAKTION OG UDVIKLING PA MOBILE ENHEDER,10,7-trinsskala,10,Skriftlig,ekstern censur,Fall 2019,2019-08-01,2019-10-31,1
STNR002396,62588,OPERATIVSYSTEMER,4,7-trinsskala,5,Skriftlig,ekstern censur,Fall 2019,2019-08-01,2019-10-31,1
STNR002396,S62-05-1,SPECIALKURSUS VED INSTITUT FOR INGENIORTEKNOLOGI OG -DIDAKTIK,BE,7-trinsskala,5,Projekt,intern censur,Fall 2019,2019-08-01,2019-10-31,1
STNR002396,2110,ALGORITMER OG DATASTRUKTURER 2,0,7-trinsskala,5,Skriftlig,ekstern censur,"Spring 2020, Fall 2019",2019-08-01,2020-01-30,2
STNR002396,PRA62-30,INGENIORPRAKTIK,BE,bestået/ikke bestået,30,Praktik,intern censur,Spring 2020,2020-02-01,2020-05-02,1
STNR002396,2450,INTRODUKTION TIL MACHINE LEARNING OG DATA MINING,BE,7-trinsskala,5,Skriftlig,ekstern censur,"Fall 2020, Spring 2020",2020-02-01,2020-08-01,2
STNR002396,62416,VIDEREGAENDE MOBILAPPLIKATIONSUDVIKLING,10,7-trinsskala,5,Mundtlig,intern censur,Fall 2020,2020-08-01,2020-10-31,1
STNR002396,62999,INNOVATION PILOT,10,7-trinsskala,10,Afløsningsopgave,intern censur,Fall 2021,2021-08-01,2021-10-31,1
STNR002396,DE62-20,INSTITUT FOR INGENIORTEKNOLOGI OG -DIDAKTIK,7,7-trinsskala,20,Projekt,ekstern censur,Fall 2021,2021-08-01,2021-10-31,1
STNR002756,2313,UDVIKLINGSMETODER TIL IT-SYSTEMER,4,7-trinsskala,5,Skriftlig,ekstern censur,Fall 2017,2017-08-01,2017-10-31,1
STNR002756,2315,VERSIONSSTYRING OG TESTMETODER,12,7-trinsskala,5,Afløsningsopgave,ekstern censur,Fall 2017,2017-08-01,2017-10-31,1
STNR002756,2324,VIDEREGAENDE PROGRAMMERING,12,7-trinsskala,10,Skriftlig,ekstern censur,Spring 2018,2018-02-01,2018-05-03,1
STNR002756,2326,ALGORITMER OG DATASTRUKTURER,4,7-trinsskala,5,Skriftlig,ekstern censur,Spring 2018,2018-02-01,2018-05-03,1
STNR002756,2327,INDLEDENDE DATABASER OG DATABASEPROGRAMMERING,4,7-trinsskala,5,Afløsningsopgave,intern censur,Spring 2018,2018-02-01,2018-05-03,1
STNR002756,62409,C PROGRAMMERING FOR JAVA PROGRAMMORER,10,7-trinsskala,5,Mundtlig,intern censur,Spring 2018,2018-02-01,2018-05-03,1
STNR002756,62577,DATAKOMMUNIKATION,10,7-trinsskala,5,Afløsningsopgave,ekstern censur,Spring 2018,2018-02-01,2018-05-03,1
STNR002756,1901,BASISMAT - INDLEDENDE MATEMATIK FOR DIPLOMINGENIORER,4,7-trinsskala,5,Afløsningsopgave,intern censur,Fall 2018,2018-08-01,2018-10-31,1
STNR002756,1904,DISKRET MATEMATIK,2,7-trinsskala,5,Skriftlig,intern censur,Fall 2018,2018-08-01,2018-10-31,1
STNR002756,2312,INDLEDENDE PROGRAMMERING,10,7-trinsskala,10,Mundtlig,ekstern censur,Fall 2018,2018-08-01,2018-10-31,1
STNR002756,2323,INTRODUKTION TIL STATISTIK,4,7-trinsskala,5,Skriftlig,ekstern censur,Fall 2018,2018-08-01,2018-10-31,1
STNR002756,2369,SOFTWARE PROCESSER OG MONSTRE,2,7-trinsskala,5,Afløsningsopgave,ekstern censur,Fall 2018,2018-08-01,2018-10-31,1
STNR002756,1920,BASISMAT 2 - VIDEREGAENDE MATEMATIK FOR DIPLOMINGENIORER,2,7-trinsskala,5,Skriftlig,intern censur,Spring 2019,2019-02-01,2019-05-03,1
STNR002756,2180,INTRODUKTION TIL KUNSTIG INTELLIGENS,2,7-trinsskala,5,Skriftlig,ekstern censur,Spring 2019,2019-02-01,2019-05-03,1
STNR002756,2346,DISTRIBUEREDE OG PARALLELLE SYSTEMER,10,7-trinsskala,5,Skriftlig,ekstern censur,Spring 2019,2019-02-01,2019-05-03,1
STNR002756,62410,CDIO-PROJEKT,12,7-trinsskala,10,Mundtlig,intern censur,Spring 2019,2019-02-01,2019-05-03,1
STNR002756,62413,AVANCERET OBJEKTORIENTERET PROGRAMMERING MED C# OG .NET,10,7-trinsskala,5,Mundtlig,intern censur,Spring 2019,2019-02-01,2019-05-03,1
STNR002756,2332,COMPILERTEKNIK,10,7-trinsskala,5,Skriftlig,intern censur,Fall 2019,2019-08-01,2019-10-31,1
STNR002756,62550,BRUGERINTERAKTION OG UDVIKLING PA MOBILE ENHEDER,12,7-trinsskala,10,Skriftlig,ekstern censur,Fall 2019,2019-08-01,2019-10-31,1
STNR002756,62573,PROGRAMMERING AF INTELLIGENTE KORETOJER OG MOBILE APPLIKATIONER,BE,bestået/ikke bestået,5,Afløsningsopgave,intern censur,Fall 2019,2019-08-01,2019-10-31,1
STNR002756,62588,OPERATIVSYSTEMER,7,7-trinsskala,5,Skriftlig,ekstern censur,Fall 2019,2019-08-01,2019-10-31,1
STNR002756,62598,KUNSTIG INTELLIGENS I COMPUTERSPIL,4,7-trinsskala,5,Skriftlig,intern censur,Fall 2019,2019-08-01,2019-10-31,1
STNR002756,PRA62-30,INGENIORPRAKTIK,BE,bestået/ikke bestået,30,Praktik,intern censur,Spring 2020,2020-02-01,2020-05-02,1
STNR002756,2157,FUNKTIONSPROGRAMMERING,7,7-trinsskala,5,Skriftlig,ekstern censur,Fall 2020,2020-08-01,2020-10-31,1
STNR002756,2393,PROGRAMMERING I C++,BE,bestået/ikke bestået,5,Skriftlig,intern censur,Fall 2020,2020-08-01,2020-10-31,1
STNR002756,31385,AUTONOME ROBOTSYSTEMER,BE,bestået/ikke bestået,5,Skriftlig,intern censur,Fall 2020,2020-08-01,2020-10-31,1
STNR002756,62999,INNOVATION PILOT,7,7-trinsskala,10,Afløsningsopgave,intern censur,Fall 2020,2020-08-01,2020-10-31,1
STNR002756,2561,COMPUTERGRAFIK,4,7-trinsskala,5,Afløsningsopgave,intern censur,Fall 2021,2021-08-01,2021-10-31,1
STNR002756,DE62-20,INSTITUT FOR INGENIORTEKNOLOGI OG -DIDAKTIK,12,7-trinsskala,20,Projekt,ekstern censur,Fall 2021,2021-08-01,2021-10-31,1
STNR004928,2313,UDVIKLINGSMETODER TIL IT-SYSTEMER,7,7-trinsskala,5,Skriftlig,ekstern censur,Fall 2017,2017-08-01,2017-10-31,1
STNR004928,2315,VERSIONSSTYRING OG TESTMETODER,7,7-trinsskala,5,Afløsningsopgave,ekstern censur,Fall 2017,2017-08-01,2017-10-31,1
STNR004928,2324,VIDEREGAENDE PROGRAMMERING,10,7-trinsskala,10,Skriftlig,ekstern censur,Spring 2018,2018-02-01,2018-05-03,1
STNR004928,2326,ALGORITMER OG DATASTRUKTURER,2,7-trinsskala,5,Skriftlig,ekstern censur,Spring 2018,2018-02-01,2018-05-03,1
STNR004928,2327,INDLEDENDE DATABASER OG DATABASEPROGRAMMERING,12,7-trinsskala,5,Afløsningsopgave,intern censur,Spring 2018,2018-02-01,2018-05-03,1
STNR004928,62409,C PROGRAMMERING FOR JAVA PROGRAMMORER,7,7-trinsskala,5,Mundtlig,intern censur,Spring 2018,2018-02-01,2018-05-03,1
STNR004928,62577,DATAKOMMUNIKATION,7,7-trinsskala,5,Afløsningsopgave,ekstern censur,Spring 2018,2018-02-01,2018-05-03,1
STNR004928,1901,BASISMAT - INDLEDENDE MATEMATIK FOR DIPLOMINGENIORER,10,7-trinsskala,5,Afløsningsopgave,intern censur,Fall 2018,2018-08-01,2018-10-31,1
STNR004928,1904,DISKRET MATEMATIK,7,7-trinsskala,5,Skriftlig,intern censur,Fall 2018,2018-08-01,2018-10-31,1
STNR004928,2312,INDLEDENDE PROGRAMMERING,10,7-trinsskala,10,Mundtlig,ekstern censur,Fall 2018,2018-08-01,2018-10-31,1
STNR004928,2323,INTRODUKTION TIL STATISTIK,2,7-trinsskala,5,Skriftlig,ekstern censur,Fall 2018,2018-08-01,2018-10-31,1
STNR004928,2369,SOFTWARE PROCESSER OG MONSTRE,7,7-trinsskala,5,Afløsningsopgave,ekstern censur,Fall 2018,2018-08-01,2018-10-31,1
STNR004928,1920,BASISMAT 2 - VIDEREGAENDE MATEMATIK FOR DIPLOMINGENIORER,7,7-trinsskala,5,Skriftlig,intern censur,Spring 2019,2019-02-01,2019-05-03,1
STNR004928,2346,DISTRIBUEREDE OG PARALLELLE SYSTEMER,7,7-trinsskala,5,Skriftlig,ekstern censur,Spring 2019,2019-02-01,2019-05-03,1
STNR004928,62410,CDIO-PROJEKT,7,7-trinsskala,10,Mundtlig,intern censur,Spring 2019,2019-02-01,2019-05-03,1
STNR004928,62413,AVANCERET OBJEKTORIENTERET PROGRAMMERING MED C# OG .NET,10,7-trinsskala,5,Mundtlig,intern censur,Spring 2019,2019-02-01,2019-05-03,1
STNR004928,62501,LINUX SERVER OG NETVAERK,7,7-trinsskala,5,Skriftlig,intern censur,Spring 2019,2019-02-01,2019-05-03,1
STNR004928,2332,COMPILERTEKNIK,12,7-trinsskala,5,Skriftlig,intern censur,Fall 2019,2019-08-01,2019-10-31,1
STNR004928,62530,NETVAERKSSIKKERHED,7,7-trinsskala,5,Skriftlig,intern censur,Fall 2019,2019-08-01,2019-10-31,1
STNR004928,62550,BRUGERINTERAKTION OG UDVIKLING PA MOBILE ENHEDER,12,7-trinsskala,10,Skriftlig,ekstern censur,Fall 2019,2019-08-01,2019-10-31,1
STNR004928,62588,OPERATIVSYSTEMER,7,7-trinsskala,5,Skriftlig,ekstern censur,Fall 2019,2019-08-01,2019-10-31,1
STNR004928,62598,KUNSTIG INTELLIGENS I COMPUTERSPIL,7,7-trinsskala,5,Skriftlig,intern censur,Fall 2019,2019-08-01,2019-10-31,1
STNR004928,PRA62-30,INGENIORPRAKTIK,BE,bestået/ikke bestået,30,Praktik,intern censur,Spring 2020,2020-02-01,2020-05-02,1
STNR004928,2823,COMPUTERSPILPROTOTYPER,10,7-trinsskala,5,Skriftlig,intern censur,Fall 2020,2020-08-01,2020-10-31,1
STNR004928,62416,VIDEREGAENDE MOBILAPPLIKATIONSUDVIKLING,12,7-trinsskala,5,Mundtlig,intern censur,Fall 2020,2020-08-01,2020-10-31,1
STNR004928,62427,NETVAERKSFORSVAR OG ANGREBSHANDTERING,10,7-trinsskala,5,Mundtlig,ekstern censur,Fall 2020,2020-08-01,2020-10-31,1
STNR004928,62618,OKONOMI,7,bestået/ikke bestået,5,Skriftlig,intern censur,Fall 2020,2020-08-01,2020-10-31,1
STNR004928,62999,INNOVATION PILOT,7,7-trinsskala,10,Afløsningsopgave,intern censur,Fall 2020,2020-08-01,2020-10-31,1
STNR004928,DE62-20,INSTITUT FOR INGENIORTEKNOLOGI OG -DIDAKTIK,10,7-trinsskala,20,Projekt,ekstern censur,Fall 2021,2021-08-01,2021-10-31,1
STNR005830,2313,UDVIKLINGSMETODER TIL IT-SYSTEMER,10,7-trinsskala,5,Skriftlig,ekstern censur,Fall 2018,2018-08-01,2018-10-31,1
STNR005830,2315,VERSIONSSTYRING OG TESTMETODER,7,7-trinsskala,5,Afløsningsopgave,ekstern censur,Fall 2018,2018-08-01,2018-10-31,1
STNR005830,2324,VIDEREGAENDE PROGRAMMERING,10,7-trinsskala,10,Skriftlig,ekstern censur,Spring 2019,2019-02-01,2019-05-03,1
STNR005830,2327,INDLEDENDE DATABASER OG DATABASEPROGRAMMERING,4,7-trinsskala,5,Afløsningsopgave,intern censur,Spring 2019,2019-02-01,2019-05-03,1
STNR005830,62409,C PROGRAMMERING FOR JAVA PROGRAMMORER,2,7-trinsskala,5,Mundtlig,intern censur,Spring 2019,2019-02-01,2019-05-03,1
STNR005830,62577,DATAKOMMUNIKATION,10,7-trinsskala,5,Afløsningsopgave,ekstern censur,Spring 2019,2019-02-01,2019-05-03,1
STNR005830,1901,BASISMAT - INDLEDENDE MATEMATIK FOR DIPLOMINGENIORER,10,7-trinsskala,5,Afløsningsopgave,intern censur,Fall 2019,2019-08-01,2019-10-31,1
STNR005830,1904,DISKRET MATEMATIK,4,7-trinsskala,5,Skriftlig,intern censur,Fall 2019,2019-08-01,2019-10-31,1
STNR005830,2312,INDLEDENDE PROGRAMMERING,7,7-trinsskala,10,Mundtlig,ekstern censur,Fall 2019,2019-08-01,2019-10-31,1
STNR005830,2323,INTRODUKTION TIL STATISTIK,4,7-trinsskala,5,Skriftlig,ekstern censur,Fall 2019,2019-08-01,2019-10-31,1
STNR005830,2369,SOFTWARE PROCESSER OG MONSTRE,BE,7-trinsskala,5,Afløsningsopgave,ekstern censur,Fall 2019,2019-08-01,2019-10-31,1
STNR005830,1920,BASISMAT 2 - VIDEREGAENDE MATEMATIK FOR DIPLOMINGENIORER,2,7-trinsskala,5,Skriftlig,intern censur,Spring 2020,2020-02-01,2020-05-02,1
STNR005830,2326,ALGORITMER OG DATASTRUKTURER,2,7-trinsskala,5,Skriftlig,ekstern censur,Spring 2020,2020-02-01,2020-05-02,1
STNR005830,2346,DISTRIBUEREDE OG PARALLELLE SYSTEMER,7,7-trinsskala,5,Skriftlig,ekstern censur,Spring 2020,2020-02-01,2020-05-02,1
STNR005830,62410,CDIO-PROJEKT,10,7-trinsskala,10,Mundtlig,intern censur,Spring 2020,2020-02-01,2020-05-02,1
STNR005830,62417,MOBIL APPLIKATIONSUDVIKLING MED SWIFT,10,7-trinsskala,5,Mundtlig,intern censur,Spring 2020,2020-02-01,2020-05-02,1
STNR005830,2332,COMPILERTEKNIK,4,7-trinsskala,5,Skriftlig,intern censur,Fall 2020,2020-08-01,2020-10-31,1
STNR005830,62530,NETVAERKSSIKKERHED,2,7-trinsskala,5,Skriftlig,intern censur,Fall 2020,2020-08-01,2020-10-31,1
STNR005830,62550,BRUGERINTERAKTION OG UDVIKLING PA MOBILE ENHEDER,10,7-trinsskala,10,Skriftlig,ekstern censur,Fall 2020,2020-08-01,2020-10-31,1
STNR005830,62588,OPERATIVSYSTEMER,7,7-trinsskala,5,Skriftlig,ekstern censur,Fall 2020,2020-08-01,2020-10-31,1
STNR005830,62618,OKONOMI,4,bestået/ikke bestået,5,Skriftlig,intern censur,Fall 2020,2020-08-01,2020-10-31,1
STNR005830,62413,AVANCERET OBJEKTORIENTERET PROGRAMMERING MED C# OG .NET,10,7-trinsskala,5,Mundtlig,intern censur,Spring 2021,2021-02-01,2021-05-03,1
STNR005830,62597,"BACKENDUDVIKLING, DRIFT OG DISTRIBUEREDE SYSTEMER",2,7-trinsskala,5,Skriftlig,intern censur,Spring 2021,2021-02-01,2021-05-03,1
STNR005830,62437,VIDEREGAENDE MOBILAPPLIKATIONSUDVIKLING MED PROJEKT,7,7-trinsskala,10,Afløsningsopgave,intern censur,Fall 2021,2021-08-01,2021-10-31,1
STNR005830,62999,INNOVATION PILOT,4,7-trinsskala,10,Afløsningsopgave,intern censur,Fall 2021,2021-08-01,2021-10-31,1
STNR005832,2313,UDVIKLINGSMETODER TIL IT-SYSTEMER,10,7-trinsskala,5,Skriftlig,ekstern censur,Fall 2018,2018-08-01,2018-10-31,1
STNR005832,2315,VERSIONSSTYRING OG TESTMETODER,7,7-trinsskala,5,Afløsningsopgave,ekstern censur,Fall 2018,2018-08-01,2018-10-31,1
STNR005832,2324,VIDEREGAENDE PROGRAMMERING,10,7-trinsskala,10,Skriftlig,ekstern censur,Spring 2019,2019-02-01,2019-05-03,1
STNR005832,2327,INDLEDENDE DATABASER OG DATABASEPROGRAMMERING,7,7-trinsskala,5,Afløsningsopgave,intern censur,Spring 2019,2019-02-01,2019-05-03,1
STNR005832,62409,C PROGRAMMERING FOR JAVA PROGRAMMORER,2,7-trinsskala,5,Mundtlig,intern censur,Spring 2019,2019-02-01,2019-05-03,1
STNR005832,62577,DATAKOMMUNIKATION,10,7-trinsskala,5,Afløsningsopgave,ekstern censur,Spring 2019,2019-02-01,2019-05-03,1
STNR005832,1901,BASISMAT - INDLEDENDE MATEMATIK FOR DIPLOMINGENIORER,7,7-trinsskala,5,Afløsningsopgave,intern censur,Fall 2019,2019-08-01,2019-10-31,1
STNR005832,1904,DISKRET MATEMATIK,4,7-trinsskala,5,Skriftlig,intern censur,Fall 2019,2019-08-01,2019-10-31,1
STNR005832,2312,INDLEDENDE PROGRAMMERING,2,7-trinsskala,10,Mundtlig,ekstern censur,Fall 2019,2019-08-01,2019-10-31,1
STNR005832,2369,SOFTWARE PROCESSER OG MONSTRE,BE,7-trinsskala,5,Afløsningsopgave,ekstern censur,Fall 2019,2019-08-01,2019-10-31,1
STNR005832,2323,INTRODUKTION TIL STATISTIK,2,7-trinsskala,5,Skriftlig,ekstern censur,"Fall 2019, Spring 2020, Spring 2021",2019-08-01,2020-04-30,3
STNR005832,1920,BASISMAT 2 - VIDEREGAENDE MATEMATIK FOR DIPLOMINGENIORER,2,7-trinsskala,5,Skriftlig,intern censur,Spring 2020,2020-02-01,2020-05-02,1
STNR005832,2346,DISTRIBUEREDE OG PARALLELLE SYSTEMER,2,7-trinsskala,5,Skriftlig,ekstern censur,Spring 2020,2020-02-01,2020-05-02,1
STNR005832,62410,CDIO-PROJEKT,10,7-trinsskala,10,Mundtlig,intern censur,Spring 2020,2020-02-01,2020-05-02,1
STNR005832,2326,ALGORITMER OG DATASTRUKTURER,7,7-trinsskala,5,Skriftlig,ekstern censur,"Spring 2020, Spring 2021",2020-02-01,2020-08-01,2
STNR005832,2332,COMPILERTEKNIK,10,7-trinsskala,5,Skriftlig,intern censur,Fall 2020,2020-08-01,2020-10-31,1
STNR005832,62530,NETVAERKSSIKKERHED,12,7-trinsskala,5,Skriftlig,intern censur,Fall 2020,2020-08-01,2020-10-31,1
STNR005832,62550,BRUGERINTERAKTION OG UDVIKLING PA MOBILE ENHEDER,12,7-trinsskala,10,Skriftlig,ekstern censur,Fall 2020,2020-08-01,2020-10-31,1
STNR005832,62588,OPERATIVSYSTEMER,4,7-trinsskala,5,Skriftlig,ekstern censur,Fall 2020,2020-08-01,2020-10-31,1
STNR005832,62618,OKONOMI,4,bestået/ikke bestået,5,Skriftlig,intern censur,Fall 2020,2020-08-01,2020-10-31,1
STNR005832,62413,AVANCERET OBJEKTORIENTERET PROGRAMMERING MED C# OG .NET,4,7-trinsskala,5,Mundtlig,intern censur,Spring 2021,2021-02-01,2021-05-03,1
STNR005832,62437,VIDEREGAENDE MOBILAPPLIKATIONSUDVIKLING MED PROJEKT,7,7-trinsskala,10,Afløsningsopgave,intern censur,Fall 2021,2021-08-01,2021-10-31,1
STNR005832,62999,INNOVATION PILOT,4,7-trinsskala,10,Afløsningsopgave,intern censur,Fall 2021,2021-08-01,2021-10-31,1
STNR005833,2313,UDVIKLINGSMETODER TIL IT-SYSTEMER,10,7-trinsskala,5,Skriftlig,ekstern censur,Fall 2018,2018-08-01,2018-10-31,1
STNR005833,2315,VERSIONSSTYRING OG TESTMETODER,12,7-trinsskala,5,Afløsningsopgave,ekstern censur,Fall 2018,2018-08-01,2018-10-31,1
STNR005833,2324,VIDEREGAENDE PROGRAMMERING,10,7-trinsskala,10,Skriftlig,ekstern censur,Spring 2019,2019-02-01,2019-05-03,1
STNR005833,2326,ALGORITMER OG DATASTRUKTURER,7,7-trinsskala,5,Skriftlig,ekstern censur,Spring 2019,2019-02-01,2019-05-03,1
STNR005833,2327,INDLEDENDE DATABASER OG DATABASEPROGRAMMERING,10,7-trinsskala,5,Afløsningsopgave,intern censur,Spring 2019,2019-02-01,2019-05-03,1
STNR005833,62409,C PROGRAMMERING FOR JAVA PROGRAMMORER,4,7-trinsskala,5,Mundtlig,intern censur,Spring 2019,2019-02-01,2019-05-03,1
STNR005833,62577,DATAKOMMUNIKATION,7,7-trinsskala,5,Afløsningsopgave,ekstern censur,Spring 2019,2019-02-01,2019-05-03,1
STNR005833,1901,BASISMAT - INDLEDENDE MATEMATIK FOR DIPLOMINGENIORER,10,7-trinsskala,5,Afløsningsopgave,intern censur,Fall 2019,2019-08-01,2019-10-31,1
STNR005833,1904,DISKRET MATEMATIK,12,7-trinsskala,5,Skriftlig,intern censur,Fall 2019,2019-08-01,2019-10-31,1
STNR005833,2312,INDLEDENDE PROGRAMMERING,10,7-trinsskala,10,Mundtlig,ekstern censur,Fall 2019,2019-08-01,2019-10-31,1
STNR005833,2323,INTRODUKTION TIL STATISTIK,7,7-trinsskala,5,Skriftlig,ekstern censur,Fall 2019,2019-08-01,2019-10-31,1
STNR005833,2369,SOFTWARE PROCESSER OG MONSTRE,BE,7-trinsskala,5,Afløsningsopgave,ekstern censur,Fall 2019,2019-08-01,2019-10-31,1
STNR005833,2346,DISTRIBUEREDE OG PARALLELLE SYSTEMER,7,7-trinsskala,5,Skriftlig,ekstern censur,Spring 2020,2020-02-01,2020-05-02,1
STNR005833,62410,CDIO-PROJEKT,10,7-trinsskala,10,Mundtlig,intern censur,Spring 2020,2020-02-01,2020-05-02,1
STNR005833,62417,MOBIL APPLIKATIONSUDVIKLING MED SWIFT,10,7-trinsskala,5,Mundtlig,intern censur,Spring 2020,2020-02-01,2020-05-02,1
STNR005833,1920,BASISMAT 2 - VIDEREGAENDE MATEMATIK FOR DIPLOMINGENIORER,7,7-trinsskala,5,Skriftlig,intern censur,"Spring 2020, Fall 2021",2020-02-01,2020-08-01,2
STNR005833,2332,COMPILERTEKNIK,10,7-trinsskala,5,Skriftlig,intern censur,Fall 2020,2020-08-01,2020-10-31,1
STNR005833,62550,BRUGERINTERAKTION OG UDVIKLING PA MOBILE ENHEDER,10,7-trinsskala,10,Skriftlig,ekstern censur,Fall 2020,2020-08-01,2020-10-31,1
STNR005833,62588,OPERATIVSYSTEMER,4,7-trinsskala,5,Skriftlig,ekstern censur,Fall 2020,2020-08-01,2020-10-31,1
STNR005833,62618,OKONOMI,4,bestået/ikke bestået,5,Skriftlig,intern censur,Fall 2020,2020-08-01,2020-10-31,1
STNR005833,2502,BILLEDANALYSE,2,7-trinsskala,5,Afløsningsopgave,intern censur,Spring 2021,2021-02-01,2021-05-03,1
STNR005833,62413,AVANCERET OBJEKTORIENTERET PROGRAMMERING MED C# OG .NET,4,7-trinsskala,5,Mundtlig,intern censur,Spring 2021,2021-02-01,2021-05-03,1
STNR005833,62597,"BACKENDUDVIKLING, DRIFT OG DISTRIBUEREDE SYSTEMER",2,7-trinsskala,5,Skriftlig,intern censur,Spring 2021,2021-02-01,2021-05-03,1
STNR005833,2450,INTRODUKTION TIL MACHINE LEARNING OG DATA MINING,0,7-trinsskala,5,Skriftlig,ekstern censur,"Fall 2021, Spring 2021",2021-02-01,2021-08-02,2
STNR005833,62437,VIDEREGAENDE MOBILAPPLIKATIONSUDVIKLING MED PROJEKT,7,7-trinsskala,10,Afløsningsopgave,intern censur,Fall 2021,2021-08-01,2021-10-31,1
STNR005833,62999,INNOVATION PILOT,4,7-trinsskala,10,Afløsningsopgave,intern censur,Fall 2021,2021-08-01,2021-10-31,1
STNR005842,2313,UDVIKLINGSMETODER TIL IT-SYSTEMER,7,7-trinsskala,5,Skriftlig,ekstern censur,Fall 2017,2017-08-01,2017-10-31,1
STNR005842,2315,VERSIONSSTYRING OG TESTMETODER,12,7-trinsskala,5,Afløsningsopgave,ekstern censur,Fall 2017,2017-08-01,2017-10-31,1
STNR005842,2324,VIDEREGAENDE PROGRAMMERING,7,7-trinsskala,10,Skriftlig,ekstern censur,Spring 2018,2018-02-01,2018-05-03,1
STNR005842,2327,INDLEDENDE DATABASER OG DATABASEPROGRAMMERING,7,7-trinsskala,5,Afløsningsopgave,intern censur,Spring 2018,2018-02-01,2018-05-03,1
STNR005842,62409,C PROGRAMMERING FOR JAVA PROGRAMMORER,4,7-trinsskala,5,Mundtlig,intern censur,Spring 2018,2018-02-01,2018-05-03,1
STNR005842,62577,DATAKOMMUNIKATION,2,7-trinsskala,5,Afløsningsopgave,ekstern censur,Spring 2018,2018-02-01,2018-05-03,1
STNR005842,2326,ALGORITMER OG DATASTRUKTURER,0,7-trinsskala,5,Skriftlig,ekstern censur,"Spring 2018, Spring 2018",2018-02-01,2018-08-02,2
STNR005842,1901,BASISMAT - INDLEDENDE MATEMATIK FOR DIPLOMINGENIORER,7,7-trinsskala,5,Afløsningsopgave,intern censur,Fall 2018,2018-08-01,2018-10-31,1
STNR005842,1904,DISKRET MATEMATIK,7,7-trinsskala,5,Skriftlig,intern censur,Fall 2018,2018-08-01,2018-10-31,1
STNR005842,2312,INDLEDENDE PROGRAMMERING,7,7-trinsskala,10,Mundtlig,ekstern censur,Fall 2018,2018-08-01,2018-10-31,1
STNR005842,2323,INTRODUKTION TIL STATISTIK,4,7-trinsskala,5,Skriftlig,ekstern censur,Fall 2018,2018-08-01,2018-10-31,1
STNR005842,2369,SOFTWARE PROCESSER OG MONSTRE,7,7-trinsskala,5,Afløsningsopgave,ekstern censur,Fall 2018,2018-08-01,2018-10-31,1
STNR005842,1920,BASISMAT 2 - VIDEREGAENDE MATEMATIK FOR DIPLOMINGENIORER,7,7-trinsskala,5,Skriftlig,intern censur,Spring 2019,2019-02-01,2019-05-03,1
STNR005842,2346,DISTRIBUEREDE OG PARALLELLE SYSTEMER,4,7-trinsskala,5,Skriftlig,ekstern censur,Spring 2019,2019-02-01,2019-05-03,1
STNR005842,62410,CDIO-PROJEKT,7,7-trinsskala,10,Mundtlig,intern censur,Spring 2019,2019-02-01,2019-05-03,1
STNR005842,62413,AVANCERET OBJEKTORIENTERET PROGRAMMERING MED C# OG .NET,4,7-trinsskala,5,Mundtlig,intern censur,Spring 2019,2019-02-01,2019-05-03,1
STNR005842,62501,LINUX SERVER OG NETVAERK,4,7-trinsskala,5,Skriftlig,intern censur,Spring 2019,2019-02-01,2019-05-03,1
STNR005842,62588,OPERATIVSYSTEMER,4,7-trinsskala,5,Skriftlig,ekstern censur,"Fall 2019, Spring 2019",2019-02-01,2019-08-02,2
STNR005842,2332,COMPILERTEKNIK,7,7-trinsskala,5,Skriftlig,intern censur,Fall 2019,2019-08-01,2019-10-31,1
STNR005842,62550,BRUGERINTERAKTION OG UDVIKLING PA MOBILE ENHEDER,12,7-trinsskala,10,Skriftlig,ekstern censur,Fall 2019,2019-08-01,2019-10-31,1
STNR005842,62598,KUNSTIG INTELLIGENS I COMPUTERSPIL,10,7-trinsskala,5,Skriftlig,intern censur,Fall 2019,2019-08-01,2019-10-31,1
STNR005842,1037,MATEMATIK 2,7,7-trinsskala,5,Skriftlig,ekstern censur,"Spring 2020, Fall 2020, Spring 2019, Spring 2020",2019-02-01,2020-01-31,4
STNR005842,62618,OKONOMI,4,bestået/ikke bestået,5,Skriftlig,intern censur,Spring 2020,2020-02-01,2020-05-02,1
STNR005842,2267,SOFTWAREUDVIKLING AF WEBTJENESTER,4,7-trinsskala,5,Skriftlig,intern censur,Fall 2020,2020-08-01,2020-10-31,1
STNR005842,62999,INNOVATION PILOT,10,7-trinsskala,10,Afløsningsopgave,intern censur,Fall 2020,2020-08-01,2020-10-31,1
STNR005842,62444,DATA VISUALISERING OG ANALYSE - PROJEKT,BE,bestået/ikke bestået,5,Afløsningsopgave,intern censur,Spring 2021,2021-02-01,2021-05-03,1
STNR005842,62589,BUSINESS INTELLIGENCE,7,7-trinsskala,5,Skriftlig,ekstern censur,Spring 2021,2021-02-01,2021-05-03,1
STNR005842,DE62-20,INSTITUT FOR INGENIORTEKNOLOGI OG -DIDAKTIK,10,7-trinsskala,20,Projekt,ekstern censur,Spring 2021,2021-02-01,2021-05-03,1
STNR005842,PRA62-30,INGENIORPRAKTIK,BE,bestået/ikke bestået,30,Praktik,intern censur,Fall 2021,2021-08-01,2021-10-31,1
STNR005843,2313,UDVIKLINGSMETODER TIL IT-SYSTEMER,4,7-trinsskala,5,Skriftlig,ekstern censur,Fall 2017,2017-08-01,2017-10-31,1
STNR005843,2315,VERSIONSSTYRING OG TESTMETODER,4,7-trinsskala,5,Afløsningsopgave,ekstern censur,Fall 2017,2017-08-01,2017-10-31,1
STNR005843,2324,VIDEREGAENDE PROGRAMMERING,7,7-trinsskala,10,Skriftlig,ekstern censur,Spring 2018,2018-02-01,2018-05-03,1
STNR005843,2326,ALGORITMER OG DATASTRUKTURER,2,7-trinsskala,5,Skriftlig,ekstern censur,Spring 2018,2018-02-01,2018-05-03,1
STNR005843,2327,INDLEDENDE DATABASER OG DATABASEPROGRAMMERING,10,7-trinsskala,5,Afløsningsopgave,intern censur,Spring 2018,2018-02-01,2018-05-03,1
STNR005843,62409,C PROGRAMMERING FOR JAVA PROGRAMMORER,7,7-trinsskala,5,Mundtlig,intern censur,Spring 2018,2018-02-01,2018-05-03,1
STNR005843,62577,DATAKOMMUNIKATION,10,7-trinsskala,5,Afløsningsopgave,ekstern censur,Spring 2018,2018-02-01,2018-05-03,1
STNR005843,1901,BASISMAT - INDLEDENDE MATEMATIK FOR DIPLOMINGENIORER,0,7-trinsskala,5,Afløsningsopgave,intern censur,"Spring 2018, Fall 2018",2018-02-01,2018-08-02,2
STNR005843,1904,DISKRET MATEMATIK,7,7-trinsskala,5,Skriftlig,intern censur,Fall 2018,2018-08-01,2018-10-31,1
STNR005843,2312,INDLEDENDE PROGRAMMERING,4,7-trinsskala,10,Mundtlig,ekstern censur,Fall 2018,2018-08-01,2018-10-31,1
STNR005843,2323,INTRODUKTION TIL STATISTIK,4,7-trinsskala,5,Skriftlig,ekstern censur,Fall 2018,2018-08-01,2018-10-31,1
STNR005843,2369,SOFTWARE PROCESSER OG MONSTRE,7,7-trinsskala,5,Afløsningsopgave,ekstern censur,Fall 2018,2018-08-01,2018-10-31,1
STNR005843,1920,BASISMAT 2 - VIDEREGAENDE MATEMATIK FOR DIPLOMINGENIORER,7,7-trinsskala,5,Skriftlig,intern censur,Spring 2019,2019-02-01,2019-05-03,1
STNR005843,2346,DISTRIBUEREDE OG PARALLELLE SYSTEMER,4,7-trinsskala,5,Skriftlig,ekstern censur,Spring 2019,2019-02-01,2019-05-03,1
STNR005843,62410,CDIO-PROJEKT,4,7-trinsskala,10,Mundtlig,intern censur,Spring 2019,2019-02-01,2019-05-03,1
STNR005843,62413,AVANCERET OBJEKTORIENTERET PROGRAMMERING MED C# OG .NET,7,7-trinsskala,5,Mundtlig,intern censur,Spring 2019,2019-02-01,2019-05-03,1
STNR005843,2332,COMPILERTEKNIK,2,7-trinsskala,5,Skriftlig,intern censur,Fall 2019,2019-08-01,2019-10-31,1
STNR005843,62530,NETVAERKSSIKKERHED,4,7-trinsskala,5,Skriftlig,intern censur,Fall 2019,2019-08-01,2019-10-31,1
STNR005843,62550,BRUGERINTERAKTION OG UDVIKLING PA MOBILE ENHEDER,10,7-trinsskala,10,Skriftlig,ekstern censur,Fall 2019,2019-08-01,2019-10-31,1
STNR005843,62588,OPERATIVSYSTEMER,0,7-trinsskala,5,Skriftlig,ekstern censur,"Fall 2020, Fall 2019",2019-08-01,2020-01-30,2
STNR005843,62501,LINUX SERVER OG NETVAERK,10,7-trinsskala,5,Skriftlig,intern censur,Spring 2020,2020-02-01,2020-05-02,1
STNR005843,62596,DISTRIBUEREDE SYSTEMER,2,7-trinsskala,5,Skriftlig,intern censur,Spring 2020,2020-02-01,2020-05-02,1
STNR005843,62618,OKONOMI,7,bestået/ikke bestået,5,Skriftlig,intern censur,Spring 2020,2020-02-01,2020-05-02,1
STNR005843,62527,BIG DATA,7,7-trinsskala,5,Skriftlig,ekstern censur,Fall 2020,2020-08-01,2020-10-31,1
STNR005843,62999,INNOVATION PILOT,10,7-trinsskala,10,Afløsningsopgave,intern censur,Fall 2020,2020-08-01,2020-10-31,1
STNR005843,62407,INTERNET OF THINGS - TEORI OG PRAKSIS,2,7-trinsskala,5,Mundtlig,intern censur,Spring 2021,2021-02-01,2021-05-03,1
STNR005843,DE62-20,INSTITUT FOR INGENIORTEKNOLOGI OG -DIDAKTIK,10,7-trinsskala,20,Projekt,ekstern censur,Spring 2021,2021-02-01,2021-05-03,1
STNR005843,2502,BILLEDANALYSE,7,7-trinsskala,5,Afløsningsopgave,intern censur,"Spring 2021, Spring 2021",2021-02-01,2021-08-02,2
STNR005843,PRA62-30,INGENIORPRAKTIK,BE,bestået/ikke bestået,30,Praktik,intern censur,Fall 2021,2021-08-01,2021-10-31,1
STNR005844,2313,UDVIKLINGSMETODER TIL IT-SYSTEMER,4,7-trinsskala,5,Skriftlig,ekstern censur,Fall 2017,2017-08-01,2017-10-31,1
STNR005844,2315,VERSIONSSTYRING OG TESTMETODER,7,7-trinsskala,5,Afløsningsopgave,ekstern censur,Fall 2017,2017-08-01,2017-10-31,1
STNR005844,2324,VIDEREGAENDE PROGRAMMERING,2,7-trinsskala,10,Skriftlig,ekstern censur,Spring 2018,2018-02-01,2018-05-03,1
STNR005844,2327,INDLEDENDE DATABASER OG DATABASEPROGRAMMERING,4,7-trinsskala,5,Afløsningsopgave,intern censur,Spring 2018,2018-02-01,2018-05-03,1
STNR005844,62409,C PROGRAMMERING FOR JAVA PROGRAMMORER,7,7-trinsskala,5,Mundtlig,intern censur,Spring 2018,2018-02-01,2018-05-03,1
STNR005844,62577,DATAKOMMUNIKATION,7,7-trinsskala,5,Afløsningsopgave,ekstern censur,Spring 2018,2018-02-01,2018-05-03,1
STNR005844,2312,INDLEDENDE PROGRAMMERING,2,7-trinsskala,10,Mundtlig,ekstern censur,"Fall 2018, Spring 2018",2018-02-01,2018-08-02,2
STNR005844,1901,BASISMAT - INDLEDENDE MATEMATIK FOR DIPLOMINGENIORER,10,7-trinsskala,5,Afløsningsopgave,intern censur,Fall 2018,2018-08-01,2018-10-31,1
STNR005844,1904,DISKRET MATEMATIK,2,7-trinsskala,5,Skriftlig,intern censur,Fall 2018,2018-08-01,2018-10-31,1
STNR005844,2369,SOFTWARE PROCESSER OG MONSTRE,10,7-trinsskala,5,Afløsningsopgave,ekstern censur,Fall 2018,2018-08-01,2018-10-31,1
STNR005844,2326,ALGORITMER OG DATASTRUKTURER,4,7-trinsskala,5,Skriftlig,ekstern censur,"Spring 2020, Spring 2018, Spring 2021",2018-02-01,2018-11-01,3
STNR005844,2323,INTRODUKTION TIL STATISTIK,2,7-trinsskala,5,Skriftlig,ekstern censur,"Fall 2018, Spring 2019, Spring 2019",2018-08-01,2019-05-01,3
STNR005844,62410,CDIO-PROJEKT,2,7-trinsskala,10,Mundtlig,intern censur,Spring 2019,2019-02-01,2019-05-03,1
STNR005844,1410,KRYPTOLOGI 1,0,7-trinsskala,5,Skriftlig,ekstern censur,"Spring 2019, Spring 2019",2019-02-01,2019-08-02,2
STNR005844,1920,BASISMAT 2 - VIDEREGAENDE MATEMATIK FOR DIPLOMINGENIORER,S,7-trinsskala,5,Skriftlig,intern censur,"Spring 2019, Spring 2019",2019-02-01,2019-08-02,2
STNR005844,62550,BRUGERINTERAKTION OG UDVIKLING PA MOBILE ENHEDER,10,7-trinsskala,10,Skriftlig,ekstern censur,Fall 2019,2019-08-01,2019-10-31,1
STNR005844,2332,COMPILERTEKNIK,0,7-trinsskala,5,Skriftlig,intern censur,"Fall 2020, Fall 2019",2019-08-01,2020-01-30,2
STNR005844,62588,OPERATIVSYSTEMER,0,7-trinsskala,5,Skriftlig,ekstern censur,"Fall 2020, Fall 2019",2019-08-01,2020-01-30,2
STNR005844,2193,ETISK HACKING,12,7-trinsskala,5,Afløsningsopgave,intern censur,Spring 2020,2020-02-01,2020-05-02,1
STNR005844,62530,NETVAERKSSIKKERHED,7,7-trinsskala,5,Skriftlig,intern censur,Spring 2020,2020-02-01,2020-05-02,1
STNR005844,62618,OKONOMI,7,bestået/ikke bestået,5,Skriftlig,intern censur,Spring 2020,2020-02-01,2020-05-02,1
STNR005844,2346,DISTRIBUEREDE OG PARALLELLE SYSTEMER,4,7-trinsskala,5,Skriftlig,ekstern censur,"Spring 2020, Spring 2020",2020-02-01,2020-08-01,2
STNR005844,42430,PROJEKTLEDELSE,10,7-trinsskala,5,Mundtlig,ekstern censur,Fall 2020,2020-08-01,2020-10-31,1
STNR005844,62426,CYBER DEFENCE OG LEDELSESANSVAR,7,7-trinsskala,5,Mundtlig,ekstern censur,Fall 2020,2020-08-01,2020-10-31,1
STNR005844,62427,NETVAERKSFORSVAR OG ANGREBSHANDTERING,12,7-trinsskala,5,Mundtlig,ekstern censur,Fall 2020,2020-08-01,2020-10-31,1
STNR005844,62999,INNOVATION PILOT,7,7-trinsskala,10,Afløsningsopgave,intern censur,Fall 2020,2020-08-01,2020-10-31,1
STNR005844,2192,COMPUTERSIKKERHEDSHAENDELSESHANDTERING,7,7-trinsskala,5,Afløsningsopgave,intern censur,Spring 2021,2021-02-01,2021-05-03,1
STNR005844,DE62-20,INSTITUT FOR INGENIORTEKNOLOGI OG -DIDAKTIK,7,7-trinsskala,20,Projekt,ekstern censur,Spring 2021,2021-02-01,2021-05-03,1
STNR005844,PRA62-30,INGENIORPRAKTIK,BE,bestået/ikke bestået,30,Praktik,intern censur,Fall 2021,2021-08-01,2021-10-31,1
STNR006009,2313,UDVIKLINGSMETODER TIL IT-SYSTEMER,10,7-trinsskala,5,Skriftlig,ekstern censur,Fall 2017,2017-08-01,2017-10-31,1
STNR006009,2315,VERSIONSSTYRING OG TESTMETODER,12,7-trinsskala,5,Afløsningsopgave,ekstern censur,Fall 2017,2017-08-01,2017-10-31,1
STNR006009,2324,VIDEREGAENDE PROGRAMMERING,12,7-trinsskala,10,Skriftlig,ekstern censur,Spring 2018,2018-02-01,2018-05-03,1
STNR006009,2327,INDLEDENDE DATABASER OG DATABASEPROGRAMMERING,10,7-trinsskala,5,Afløsningsopgave,intern censur,Spring 2018,2018-02-01,2018-05-03,1
STNR006009,62409,C PROGRAMMERING FOR JAVA PROGRAMMORER,7,7-trinsskala,5,Mundtlig,intern censur,Spring 2018,2018-02-01,2018-05-03,1
STNR006009,2326,ALGORITMER OG DATASTRUKTURER,7,7-trinsskala,5,Skriftlig,ekstern censur,"Spring 2018, Spring 2019",2018-02-01,2018-08-02,2
STNR006009,62577,DATAKOMMUNIKATION,12,7-trinsskala,5,Afløsningsopgave,ekstern censur,"Spring 2018, Spring 2019",2018-02-01,2018-08-02,2
STNR006009,1901,BASISMAT - INDLEDENDE MATEMATIK FOR DIPLOMINGENIORER,7,7-trinsskala,5,Afløsningsopgave,intern censur,Fall 2018,2018-08-01,2018-10-31,1
STNR006009,1904,DISKRET MATEMATIK,10,7-trinsskala,5,Skriftlig,intern censur,Fall 2018,2018-08-01,2018-10-31,1
STNR006009,2312,INDLEDENDE PROGRAMMERING,10,7-trinsskala,10,Mundtlig,ekstern censur,Fall 2018,2018-08-01,2018-10-31,1
STNR006009,2323,INTRODUKTION TIL STATISTIK,2,7-trinsskala,5,Skriftlig,ekstern censur,Fall 2018,2018-08-01,2018-10-31,1
STNR006009,2369,SOFTWARE PROCESSER OG MONSTRE,7,7-trinsskala,5,Afløsningsopgave,ekstern censur,Fall 2018,2018-08-01,2018-10-31,1
STNR006009,1920,BASISMAT 2 - VIDEREGAENDE MATEMATIK FOR DIPLOMINGENIORER,7,7-trinsskala,5,Skriftlig,intern censur,Spring 2019,2019-02-01,2019-05-03,1
STNR006009,62410,CDIO-PROJEKT,EM,7-trinsskala,10,Mundtlig,intern censur,"Spring 2019, Spring 2019",2019-02-01,2019-08-02,2
STNR006009,2332,COMPILERTEKNIK,4,7-trinsskala,5,Skriftlig,intern censur,Fall 2019,2019-08-01,2019-10-31,1
STNR006009,62417,MOBIL APPLIKATIONSUDVIKLING MED SWIFT,10,7-trinsskala,5,Mundtlig,intern censur,Fall 2019,2019-08-01,2019-10-31,1
STNR006009,62550,BRUGERINTERAKTION OG UDVIKLING PA MOBILE ENHEDER,12,7-trinsskala,10,Skriftlig,ekstern censur,Fall 2019,2019-08-01,2019-10-31,1
STNR006009,62588,OPERATIVSYSTEMER,10,7-trinsskala,5,Skriftlig,ekstern censur,Fall 2019,2019-08-01,2019-10-31,1
STNR006009,S62-05-1,SPECIALKURSUS VED INSTITUT FOR INGENIORTEKNOLOGI OG -DIDAKTIK,BE,7-trinsskala,5,Projekt,intern censur,Fall 2019,2019-08-01,2019-10-31,1
STNR006009,2346,DISTRIBUEREDE OG PARALLELLE SYSTEMER,10,7-trinsskala,5,Skriftlig,ekstern censur,Spring 2020,2020-02-01,2020-05-02,1
STNR006009,62501,LINUX SERVER OG NETVAERK,10,7-trinsskala,5,Skriftlig,intern censur,Spring 2020,2020-02-01,2020-05-02,1
STNR006009,62596,DISTRIBUEREDE SYSTEMER,12,7-trinsskala,5,Skriftlig,intern censur,Spring 2020,2020-02-01,2020-05-02,1
STNR006009,2148,INTRODUKTION TIL KOORDINERING AF FORDELTE APPLIKATIONER,10,7-trinsskala,5,Skriftlig,intern censur,Fall 2020,2020-08-01,2020-10-31,1
STNR006009,62413,AVANCERET OBJEKTORIENTERET PROGRAMMERING MED C# OG .NET,10,7-trinsskala,5,Mundtlig,intern censur,Fall 2020,2020-08-01,2020-10-31,1
STNR006009,62598,KUNSTIG INTELLIGENS I COMPUTERSPIL,7,7-trinsskala,5,Skriftlig,intern censur,Fall 2020,2020-08-01,2020-10-31,1
STNR006009,62999,INNOVATION PILOT,10,7-trinsskala,10,Afløsningsopgave,intern censur,Fall 2020,2020-08-01,2020-10-31,1
STNR006009,PRA62-30,INGENIORPRAKTIK,BE,bestået/ikke bestået,30,Praktik,intern censur,Spring 2021,2021-02-01,2021-05-03,1
STNR006009,42430,PROJEKTLEDELSE,10,7-trinsskala,5,Mundtlig,ekstern censur,Fall 2021,2021-08-01,2021-10-31,1
STNR006152,2313,UDVIKLINGSMETODER TIL IT-SYSTEMER,7,7-trinsskala,5,Skriftlig,ekstern censur,Fall 2017,2017-08-01,2017-10-31,1
STNR006152,2315,VERSIONSSTYRING OG TESTMETODER,10,7-trinsskala,5,Afløsningsopgave,ekstern censur,Fall 2017,2017-08-01,2017-10-31,1
STNR006152,2324,VIDEREGAENDE PROGRAMMERING,7,7-trinsskala,10,Skriftlig,ekstern censur,Spring 2018,2018-02-01,2018-05-03,1
STNR006152,2326,ALGORITMER OG DATASTRUKTURER,10,7-trinsskala,5,Skriftlig,ekstern censur,Spring 2018,2018-02-01,2018-05-03,1
STNR006152,2327,INDLEDENDE DATABASER OG DATABASEPROGRAMMERING,7,7-trinsskala,5,Afløsningsopgave,intern censur,Spring 2018,2018-02-01,2018-05-03,1
STNR006152,62409,C PROGRAMMERING FOR JAVA PROGRAMMORER,7,7-trinsskala,5,Mundtlig,intern censur,Spring 2018,2018-02-01,2018-05-03,1
STNR006152,62577,DATAKOMMUNIKATION,10,7-trinsskala,5,Afløsningsopgave,ekstern censur,Spring 2018,2018-02-01,2018-05-03,1
STNR006152,1901,BASISMAT - INDLEDENDE MATEMATIK FOR DIPLOMINGENIORER,10,7-trinsskala,5,Afløsningsopgave,intern censur,Fall 2018,2018-08-01,2018-10-31,1
STNR006152,1904,DISKRET MATEMATIK,12,7-trinsskala,5,Skriftlig,intern censur,Fall 2018,2018-08-01,2018-10-31,1
STNR006152,2312,INDLEDENDE PROGRAMMERING,10,7-trinsskala,10,Mundtlig,ekstern censur,Fall 2018,2018-08-01,2018-10-31,1
STNR006152,2323,INTRODUKTION TIL STATISTIK,10,7-trinsskala,5,Skriftlig,ekstern censur,Fall 2018,2018-08-01,2018-10-31,1
STNR006152,2369,SOFTWARE PROCESSER OG MONSTRE,10,7-trinsskala,5,Afløsningsopgave,ekstern censur,Fall 2018,2018-08-01,2018-10-31,1
STNR006152,1410,KRYPTOLOGI 1,10,7-trinsskala,5,Skriftlig,ekstern censur,Spring 2019,2019-02-01,2019-05-03,1
STNR006152,1920,BASISMAT 2 - VIDEREGAENDE MATEMATIK FOR DIPLOMINGENIORER,12,7-trinsskala,5,Skriftlig,intern censur,Spring 2019,2019-02-01,2019-05-03,1
STNR006152,2346,DISTRIBUEREDE OG PARALLELLE SYSTEMER,10,7-trinsskala,5,Skriftlig,ekstern censur,Spring 2019,2019-02-01,2019-05-03,1
STNR006152,62410,CDIO-PROJEKT,7,7-trinsskala,10,Mundtlig,intern censur,Spring 2019,2019-02-01,2019-05-03,1
STNR006152,62413,AVANCERET OBJEKTORIENTERET PROGRAMMERING MED C# OG .NET,10,7-trinsskala,5,Mundtlig,intern censur,Spring 2019,2019-02-01,2019-05-03,1
STNR006152,2110,ALGORITMER OG DATASTRUKTURER 2,12,7-trinsskala,5,Skriftlig,ekstern censur,Fall 2019,2019-08-01,2019-10-31,1
STNR006152,2332,COMPILERTEKNIK,12,7-trinsskala,5,Skriftlig,intern censur,Fall 2019,2019-08-01,2019-10-31,1
STNR006152,62426,CYBER DEFENCE OG LEDELSESANSVAR,12,7-trinsskala,5,Mundtlig,ekstern censur,Fall 2019,2019-08-01,2019-10-31,1
STNR006152,62550,BRUGERINTERAKTION OG UDVIKLING PA MOBILE ENHEDER,12,7-trinsskala,10,Skriftlig,ekstern censur,Fall 2019,2019-08-01,2019-10-31,1
STNR006152,62588,OPERATIVSYSTEMER,10,7-trinsskala,5,Skriftlig,ekstern censur,Fall 2019,2019-08-01,2019-10-31,1
STNR006152,S62-05-1,SPECIALKURSUS VED INSTITUT FOR INGENIORTEKNOLOGI OG -DIDAKTIK,BE,7-trinsskala,5,Projekt,intern censur,Fall 2019,2019-08-01,2019-10-31,1
STNR006152,PRA62-30,INGENIORPRAKTIK,BE,bestået/ikke bestået,30,Praktik,intern censur,Spring 2020,2020-02-01,2020-05-02,1
STNR006152,2502,BILLEDANALYSE,12,7-trinsskala,5,Afløsningsopgave,intern censur,Fall 2020,2020-08-01,2020-10-31,1
STNR006152,2823,COMPUTERSPILPROTOTYPER,10,7-trinsskala,5,Skriftlig,intern censur,Fall 2020,2020-08-01,2020-10-31,1
STNR006152,62999,INNOVATION PILOT,10,7-trinsskala,10,Afløsningsopgave,intern censur,Fall 2020,2020-08-01,2020-10-31,1
STNR006152,2450,INTRODUKTION TIL MACHINE LEARNING OG DATA MINING,BE,7-trinsskala,5,Skriftlig,ekstern censur,Fall 2021,2021-08-01,2021-10-31,1
STNR006152,DE62-20,INSTITUT FOR INGENIORTEKNOLOGI OG -DIDAKTIK,12,7-trinsskala,20,Projekt,ekstern censur,Fall 2021,2021-08-01,2021-10-31,1
STNR006181,2313,UDVIKLINGSMETODER TIL IT-SYSTEMER,10,7-trinsskala,5,Skriftlig,ekstern censur,Fall 2018,2018-08-01,2018-10-31,1
STNR006181,2315,VERSIONSSTYRING OG TESTMETODER,4,7-trinsskala,5,Afløsningsopgave,ekstern censur,Fall 2018,2018-08-01,2018-10-31,1
STNR006181,2324,VIDEREGAENDE PROGRAMMERING,10,7-trinsskala,10,Skriftlig,ekstern censur,Spring 2019,2019-02-01,2019-05-03,1
STNR006181,2326,ALGORITMER OG DATASTRUKTURER,4,7-trinsskala,5,Skriftlig,ekstern censur,Spring 2019,2019-02-01,2019-05-03,1
STNR006181,2327,INDLEDENDE DATABASER OG DATABASEPROGRAMMERING,4,7-trinsskala,5,Afløsningsopgave,intern censur,Spring 2019,2019-02-01,2019-05-03,1
STNR006181,62409,C PROGRAMMERING FOR JAVA PROGRAMMORER,12,7-trinsskala,5,Mundtlig,intern censur,Spring 2019,2019-02-01,2019-05-03,1
STNR006181,62577,DATAKOMMUNIKATION,4,7-trinsskala,5,Afløsningsopgave,ekstern censur,Spring 2019,2019-02-01,2019-05-03,1
STNR006181,1901,BASISMAT - INDLEDENDE MATEMATIK FOR DIPLOMINGENIORER,4,7-trinsskala,5,Afløsningsopgave,intern censur,Fall 2019,2019-08-01,2019-10-31,1
STNR006181,1904,DISKRET MATEMATIK,4,7-trinsskala,5,Skriftlig,intern censur,Fall 2019,2019-08-01,2019-10-31,1
STNR006181,2312,INDLEDENDE PROGRAMMERING,12,7-trinsskala,10,Mundtlig,ekstern censur,Fall 2019,2019-08-01,2019-10-31,1
STNR006181,2323,INTRODUKTION TIL STATISTIK,10,7-trinsskala,5,Skriftlig,ekstern censur,Fall 2019,2019-08-01,2019-10-31,1
STNR006181,2369,SOFTWARE PROCESSER OG MONSTRE,BE,7-trinsskala,5,Afløsningsopgave,ekstern censur,Fall 2019,2019-08-01,2019-10-31,1
STNR006181,1920,BASISMAT 2 - VIDEREGAENDE MATEMATIK FOR DIPLOMINGENIORER,10,7-trinsskala,5,Skriftlig,intern censur,Spring 2020,2020-02-01,2020-05-02,1
STNR006181,2346,DISTRIBUEREDE OG PARALLELLE SYSTEMER,7,7-trinsskala,5,Skriftlig,ekstern censur,Spring 2020,2020-02-01,2020-05-02,1
STNR006181,62410,CDIO-PROJEKT,4,7-trinsskala,10,Mundtlig,intern censur,Spring 2020,2020-02-01,2020-05-02,1
STNR006181,62417,MOBIL APPLIKATIONSUDVIKLING MED SWIFT,12,7-trinsskala,5,Mundtlig,intern censur,Spring 2020,2020-02-01,2020-05-02,1
STNR006181,62573,PROGRAMMERING AF INTELLIGENTE KORETOJER OG MOBILE APPLIKATIONER,BE,bestået/ikke bestået,5,Afløsningsopgave,intern censur,Spring 2020,2020-02-01,2020-05-02,1
STNR006181,2332,COMPILERTEKNIK,7,7-trinsskala,5,Skriftlig,intern censur,Fall 2020,2020-08-01,2020-10-31,1
STNR006181,62550,BRUGERINTERAKTION OG UDVIKLING PA MOBILE ENHEDER,12,7-trinsskala,10,Skriftlig,ekstern censur,Fall 2020,2020-08-01,2020-10-31,1
STNR006181,62583,PROGRAMMERING AF INDLEJREDE TRADLOSE SYSTEMER OG SENSORER,10,7-trinsskala,5,Skriftlig,ekstern censur,Fall 2020,2020-08-01,2020-10-31,1
STNR006181,62588,OPERATIVSYSTEMER,7,7-trinsskala,5,Skriftlig,ekstern censur,Fall 2020,2020-08-01,2020-10-31,1
STNR006181,62598,KUNSTIG INTELLIGENS I COMPUTERSPIL,12,7-trinsskala,5,Skriftlig,intern censur,Fall 2020,2020-08-01,2020-10-31,1
STNR006181,PRA62-30,INGENIORPRAKTIK,BE,bestået/ikke bestået,30,Praktik,intern censur,Spring 2021,2021-02-01,2021-05-03,1
STNR006181,62437,VIDEREGAENDE MOBILAPPLIKATIONSUDVIKLING MED PROJEKT,12,7-trinsskala,10,Afløsningsopgave,intern censur,Fall 2021,2021-08-01,2021-10-31,1
STNR006181,62999,INNOVATION PILOT,7,7-trinsskala,10,Afløsningsopgave,intern censur,Fall 2021,2021-08-01,2021-10-31,1
STNR006182,2313,UDVIKLINGSMETODER TIL IT-SYSTEMER,10,7-trinsskala,5,Skriftlig,ekstern censur,Fall 2018,2018-08-01,2018-10-31,1
STNR006182,2315,VERSIONSSTYRING OG TESTMETODER,2,7-trinsskala,5,Afløsningsopgave,ekstern censur,Fall 2018,2018-08-01,2018-10-31,1
STNR006182,2324,VIDEREGAENDE PROGRAMMERING,12,7-trinsskala,10,Skriftlig,ekstern censur,Spring 2019,2019-02-01,2019-05-03,1
STNR006182,2327,INDLEDENDE DATABASER OG DATABASEPROGRAMMERING,4,7-trinsskala,5,Afløsningsopgave,intern censur,Spring 2019,2019-02-01,2019-05-03,1
STNR006182,62409,C PROGRAMMERING FOR JAVA PROGRAMMORER,4,7-trinsskala,5,Mundtlig,intern censur,Spring 2019,2019-02-01,2019-05-03,1
STNR006182,62577,DATAKOMMUNIKATION,4,7-trinsskala,5,Afløsningsopgave,ekstern censur,Spring 2019,2019-02-01,2019-05-03,1
STNR006182,2326,ALGORITMER OG DATASTRUKTURER,2,7-trinsskala,5,Skriftlig,ekstern censur,"Spring 2019, Spring 2021",2019-02-01,2019-08-02,2
STNR006182,1901,BASISMAT - INDLEDENDE MATEMATIK FOR DIPLOMINGENIORER,4,7-trinsskala,5,Afløsningsopgave,intern censur,Fall 2019,2019-08-01,2019-10-31,1
STNR006182,1904,DISKRET MATEMATIK,2,7-trinsskala,5,Skriftlig,intern censur,Fall 2019,2019-08-01,2019-10-31,1
STNR006182,2312,INDLEDENDE PROGRAMMERING,4,7-trinsskala,10,Mundtlig,ekstern censur,Fall 2019,2019-08-01,2019-10-31,1
STNR006182,2369,SOFTWARE PROCESSER OG MONSTRE,BE,7-trinsskala,5,Afløsningsopgave,ekstern censur,Fall 2019,2019-08-01,2019-10-31,1
STNR006182,2323,INTRODUKTION TIL STATISTIK,4,7-trinsskala,5,Skriftlig,ekstern censur,"Fall 2019, Spring 2020, Spring 2021",2019-08-01,2020-04-30,3
STNR006182,62410,CDIO-PROJEKT,12,7-trinsskala,10,Mundtlig,intern censur,Spring 2020,2020-02-01,2020-05-02,1
STNR006182,62413,AVANCERET OBJEKTORIENTERET PROGRAMMERING MED C# OG .NET,10,7-trinsskala,5,Mundtlig,intern censur,Spring 2020,2020-02-01,2020-05-02,1
STNR006182,62596,DISTRIBUEREDE SYSTEMER,4,7-trinsskala,5,Skriftlig,intern censur,Spring 2020,2020-02-01,2020-05-02,1
STNR006182,1920,BASISMAT 2 - VIDEREGAENDE MATEMATIK FOR DIPLOMINGENIORER,0,7-trinsskala,5,Skriftlig,intern censur,"Spring 2020, Spring 2021",2020-02-01,2020-08-01,2
STNR006182,2346,DISTRIBUEREDE OG PARALLELLE SYSTEMER,0,7-trinsskala,5,Skriftlig,ekstern censur,"Spring 2020, Spring 2021",2020-02-01,2020-08-01,2
STNR006182,2332,COMPILERTEKNIK,EM,7-trinsskala,5,Skriftlig,intern censur,"Fall 2020, Fall 2021, Spring 2020",2020-02-01,2020-10-31,3
STNR006182,62530,NETVAERKSSIKKERHED,7,7-trinsskala,5,Skriftlig,intern censur,Fall 2020,2020-08-01,2020-10-31,1
STNR006182,62550,BRUGERINTERAKTION OG UDVIKLING PA MOBILE ENHEDER,7,7-trinsskala,10,Skriftlig,ekstern censur,Fall 2020,2020-08-01,2020-10-31,1
STNR006182,62588,OPERATIVSYSTEMER,EM,7-trinsskala,5,Skriftlig,ekstern censur,"Fall 2020, Fall 2020, Spring 2020",2020-02-01,2020-10-31,3
STNR006182,62598,KUNSTIG INTELLIGENS I COMPUTERSPIL,12,7-trinsskala,5,Skriftlig,intern censur,Fall 2020,2020-08-01,2020-10-31,1
STNR006182,62437,VIDEREGAENDE MOBILAPPLIKATIONSUDVIKLING MED PROJEKT,7,7-trinsskala,10,Afløsningsopgave,intern censur,Fall 2021,2021-08-01,2021-10-31,1
STNR006182,62999,INNOVATION PILOT,10,7-trinsskala,10,Afløsningsopgave,intern censur,Fall 2021,2021-08-01,2021-10-31,1
STNR006183,2313,UDVIKLINGSMETODER TIL IT-SYSTEMER,7,7-trinsskala,5,Skriftlig,ekstern censur,Fall 2018,2018-08-01,2018-10-31,1
STNR006183,2315,VERSIONSSTYRING OG TESTMETODER,10,7-trinsskala,5,Afløsningsopgave,ekstern censur,Fall 2018,2018-08-01,2018-10-31,1
STNR006183,2324,VIDEREGAENDE PROGRAMMERING,10,7-trinsskala,10,Skriftlig,ekstern censur,Spring 2019,2019-02-01,2019-05-03,1
STNR006183,2327,INDLEDENDE DATABASER OG DATABASEPROGRAMMERING,10,7-trinsskala,5,Afløsningsopgave,intern censur,Spring 2019,2019-02-01,2019-05-03,1
STNR006183,62409,C PROGRAMMERING FOR JAVA PROGRAMMORER,10,7-trinsskala,5,Mundtlig,intern censur,Spring 2019,2019-02-01,2019-05-03,1
STNR006183,62577,DATAKOMMUNIKATION,2,7-trinsskala,5,Afløsningsopgave,ekstern censur,Spring 2019,2019-02-01,2019-05-03,1
STNR006183,2326,ALGORITMER OG DATASTRUKTURER,0,7-trinsskala,5,Skriftlig,ekstern censur,"Spring 2019, Spring 2019",2019-02-01,2019-08-02,2
STNR006183,1901,BASISMAT - INDLEDENDE MATEMATIK FOR DIPLOMINGENIORER,7,7-trinsskala,5,Afløsningsopgave,intern censur,Fall 2019,2019-08-01,2019-10-31,1
STNR006183,1904,DISKRET MATEMATIK,7,7-trinsskala,5,Skriftlig,intern censur,Fall 2019,2019-08-01,2019-10-31,1
STNR006183,2312,INDLEDENDE PROGRAMMERING,7,7-trinsskala,10,Mundtlig,ekstern censur,Fall 2019,2019-08-01,2019-10-31,1
STNR006183,2323,INTRODUKTION TIL STATISTIK,2,7-trinsskala,5,Skriftlig,ekstern censur,Fall 2019,2019-08-01,2019-10-31,1
STNR006183,2369,SOFTWARE PROCESSER OG MONSTRE,BE,7-trinsskala,5,Afløsningsopgave,ekstern censur,Fall 2019,2019-08-01,2019-10-31,1
STNR006183,1920,BASISMAT 2 - VIDEREGAENDE MATEMATIK FOR DIPLOMINGENIORER,2,7-trinsskala,5,Skriftlig,intern censur,Spring 2020,2020-02-01,2020-05-02,1
STNR006183,2180,INTRODUKTION TIL KUNSTIG INTELLIGENS,7,7-trinsskala,5,Skriftlig,ekstern censur,Spring 2020,2020-02-01,2020-05-02,1
STNR006183,2346,DISTRIBUEREDE OG PARALLELLE SYSTEMER,2,7-trinsskala,5,Skriftlig,ekstern censur,Spring 2020,2020-02-01,2020-05-02,1
STNR006183,62410,CDIO-PROJEKT,10,7-trinsskala,10,Mundtlig,intern censur,Spring 2020,2020-02-01,2020-05-02,1
STNR006183,62413,AVANCERET OBJEKTORIENTERET PROGRAMMERING MED C# OG .NET,10,7-trinsskala,5,Mundtlig,intern censur,Spring 2020,2020-02-01,2020-05-02,1
STNR006183,2332,COMPILERTEKNIK,7,7-trinsskala,5,Skriftlig,intern censur,Fall 2020,2020-08-01,2020-10-31,1
STNR006183,62550,BRUGERINTERAKTION OG UDVIKLING PA MOBILE ENHEDER,10,7-trinsskala,10,Skriftlig,ekstern censur,Fall 2020,2020-08-01,2020-10-31,1
STNR006183,62588,OPERATIVSYSTEMER,10,7-trinsskala,5,Skriftlig,ekstern censur,Fall 2020,2020-08-01,2020-10-31,1
STNR006183,2502,BILLEDANALYSE,2,7-trinsskala,5,Afløsningsopgave,intern censur,Spring 2021,2021-02-01,2021-05-03,1
STNR006183,62530,NETVAERKSSIKKERHED,2,7-trinsskala,5,Skriftlig,intern censur,Spring 2021,2021-02-01,2021-05-03,1
STNR006183,62589,BUSINESS INTELLIGENCE,12,7-trinsskala,5,Skriftlig,ekstern censur,Spring 2021,2021-02-01,2021-05-03,1
STNR006183,62597,"BACKENDUDVIKLING, DRIFT OG DISTRIBUEREDE SYSTEMER",12,7-trinsskala,5,Skriftlig,intern censur,Spring 2021,2021-02-01,2021-05-03,1
STNR006183,62999,INNOVATION PILOT,7,7-trinsskala,10,Afløsningsopgave,intern censur,Spring 2021,2021-02-01,2021-05-03,1
STNR006184,2313,UDVIKLINGSMETODER TIL IT-SYSTEMER,4,7-trinsskala,5,Skriftlig,ekstern censur,Fall 2018,2018-08-01,2018-10-31,1
STNR006184,2315,VERSIONSSTYRING OG TESTMETODER,2,7-trinsskala,5,Afløsningsopgave,ekstern censur,Fall 2018,2018-08-01,2018-10-31,1
STNR006184,2324,VIDEREGAENDE PROGRAMMERING,10,7-trinsskala,10,Skriftlig,ekstern censur,Spring 2019,2019-02-01,2019-05-03,1
STNR006184,2327,INDLEDENDE DATABASER OG DATABASEPROGRAMMERING,7,7-trinsskala,5,Afløsningsopgave,intern censur,Spring 2019,2019-02-01,2019-05-03,1
STNR006184,62409,C PROGRAMMERING FOR JAVA PROGRAMMORER,4,7-trinsskala,5,Mundtlig,intern censur,Spring 2019,2019-02-01,2019-05-03,1
STNR006184,62577,DATAKOMMUNIKATION,4,7-trinsskala,5,Afløsningsopgave,ekstern censur,Spring 2019,2019-02-01,2019-05-03,1
STNR006184,1901,BASISMAT - INDLEDENDE MATEMATIK FOR DIPLOMINGENIORER,2,7-trinsskala,5,Afløsningsopgave,intern censur,Fall 2019,2019-08-01,2019-10-31,1
STNR006184,1904,DISKRET MATEMATIK,4,7-trinsskala,5,Skriftlig,intern censur,Fall 2019,2019-08-01,2019-10-31,1
STNR006184,2312,INDLEDENDE PROGRAMMERING,2,7-trinsskala,10,Mundtlig,ekstern censur,Fall 2019,2019-08-01,2019-10-31,1
STNR006184,2369,SOFTWARE PROCESSER OG MONSTRE,BE,7-trinsskala,5,Afløsningsopgave,ekstern censur,Fall 2019,2019-08-01,2019-10-31,1
STNR006184,62410,CDIO-PROJEKT,10,7-trinsskala,10,Mundtlig,intern censur,Spring 2020,2020-02-01,2020-05-02,1
STNR006184,62413,AVANCERET OBJEKTORIENTERET PROGRAMMERING MED C# OG .NET,7,7-trinsskala,5,Mundtlig,intern censur,Spring 2020,2020-02-01,2020-05-02,1
STNR006184,2323,INTRODUKTION TIL STATISTIK,0,7-trinsskala,5,Skriftlig,ekstern censur,"Fall 2019, Fall 2020, Spring 2020, Spring 2020",2019-08-01,2020-07-30,4
STNR006184,2326,ALGORITMER OG DATASTRUKTURER,2,7-trinsskala,5,Skriftlig,ekstern censur,"Spring 2020, Spring 2021",2020-02-01,2020-08-01,2
STNR006184,1920,BASISMAT 2 - VIDEREGAENDE MATEMATIK FOR DIPLOMINGENIORER,7,7-trinsskala,5,Skriftlig,intern censur,"Spring 2020, Spring 2020, Spring 2021",2020-02-01,2020-10-31,3
STNR006184,62407,INTERNET OF THINGS - TEORI OG PRAKSIS,7,7-trinsskala,5,Mundtlig,intern censur,Fall 2020,2020-08-01,2020-10-31,1
STNR006184,62426,CYBER DEFENCE OG LEDELSESANSVAR,10,7-trinsskala,5,Mundtlig,ekstern censur,Fall 2020,2020-08-01,2020-10-31,1
STNR006184,62530,NETVAERKSSIKKERHED,12,7-trinsskala,5,Skriftlig,intern censur,Fall 2020,2020-08-01,2020-10-31,1
STNR006184,62550,BRUGERINTERAKTION OG UDVIKLING PA MOBILE ENHEDER,4,7-trinsskala,10,Skriftlig,ekstern censur,Fall 2020,2020-08-01,2020-10-31,1
STNR006184,62588,OPERATIVSYSTEMER,4,7-trinsskala,5,Skriftlig,ekstern censur,Fall 2020,2020-08-01,2020-10-31,1
STNR006184,2193,ETISK HACKING,10,7-trinsskala,5,Afløsningsopgave,intern censur,Spring 2021,2021-02-01,2021-05-03,1
STNR006184,2346,DISTRIBUEREDE OG PARALLELLE SYSTEMER,2,7-trinsskala,5,Skriftlig,ekstern censur,Spring 2021,2021-02-01,2021-05-03,1
STNR006184,62999,INNOVATION PILOT,12,7-trinsskala,10,Afløsningsopgave,intern censur,Spring 2021,2021-02-01,2021-05-03,1
STNR006184,2332,COMPILERTEKNIK,2,7-trinsskala,5,Skriftlig,intern censur,Fall 2021,2021-08-01,2021-10-31,1
STNR006184,2809,UX DESIGN PROTOTYPEUDVIKLING,7,7-trinsskala,5,Afløsningsopgave,ekstern censur,Fall 2021,2021-08-01,2021-10-31,1
STNR006184,62419,SYSTEM- OG NETVAERKSSIKKERHED - PROJEKT,4,7-trinsskala,5,Mundtlig,intern censur,Fall 2021,2021-08-01,2021-10-31,1
STNR006190,2313,UDVIKLINGSMETODER TIL IT-SYSTEMER,7,7-trinsskala,5,Skriftlig,ekstern censur,Fall 2018,2018-08-01,2018-10-31,1
STNR006190,2315,VERSIONSSTYRING OG TESTMETODER,7,7-trinsskala,5,Afløsningsopgave,ekstern censur,Fall 2018,2018-08-01,2018-10-31,1
STNR006190,2324,VIDEREGAENDE PROGRAMMERING,10,7-trinsskala,10,Skriftlig,ekstern censur,Spring 2019,2019-02-01,2019-05-03,1
STNR006190,2326,ALGORITMER OG DATASTRUKTURER,4,7-trinsskala,5,Skriftlig,ekstern censur,Spring 2019,2019-02-01,2019-05-03,1
STNR006190,2327,INDLEDENDE DATABASER OG DATABASEPROGRAMMERING,7,7-trinsskala,5,Afløsningsopgave,intern censur,Spring 2019,2019-02-01,2019-05-03,1
STNR006190,62409,C PROGRAMMERING FOR JAVA PROGRAMMORER,4,7-trinsskala,5,Mundtlig,intern censur,Spring 2019,2019-02-01,2019-05-03,1
STNR006190,62577,DATAKOMMUNIKATION,7,7-trinsskala,5,Afløsningsopgave,ekstern censur,Spring 2019,2019-02-01,2019-05-03,1
STNR006190,1901,BASISMAT - INDLEDENDE MATEMATIK FOR DIPLOMINGENIORER,7,7-trinsskala,5,Afløsningsopgave,intern censur,Fall 2019,2019-08-01,2019-10-31,1
STNR006190,1904,DISKRET MATEMATIK,10,7-trinsskala,5,Skriftlig,intern censur,Fall 2019,2019-08-01,2019-10-31,1
STNR006190,2312,INDLEDENDE PROGRAMMERING,10,7-trinsskala,10,Mundtlig,ekstern censur,Fall 2019,2019-08-01,2019-10-31,1
STNR006190,2323,INTRODUKTION TIL STATISTIK,7,7-trinsskala,5,Skriftlig,ekstern censur,Fall 2019,2019-08-01,2019-10-31,1
STNR006190,2369,SOFTWARE PROCESSER OG MONSTRE,BE,7-trinsskala,5,Afløsningsopgave,ekstern censur,Fall 2019,2019-08-01,2019-10-31,1
STNR006190,1920,BASISMAT 2 - VIDEREGAENDE MATEMATIK FOR DIPLOMINGENIORER,7,7-trinsskala,5,Skriftlig,intern censur,Spring 2020,2020-02-01,2020-05-02,1
STNR006190,2180,INTRODUKTION TIL KUNSTIG INTELLIGENS,7,7-trinsskala,5,Skriftlig,ekstern censur,Spring 2020,2020-02-01,2020-05-02,1
STNR006190,2346,DISTRIBUEREDE OG PARALLELLE SYSTEMER,7,7-trinsskala,5,Skriftlig,ekstern censur,Spring 2020,2020-02-01,2020-05-02,1
STNR006190,62410,CDIO-PROJEKT,7,7-trinsskala,10,Mundtlig,intern censur,Spring 2020,2020-02-01,2020-05-02,1
STNR006190,62413,AVANCERET OBJEKTORIENTERET PROGRAMMERING MED C# OG .NET,4,7-trinsskala,5,Mundtlig,intern censur,Spring 2020,2020-02-01,2020-05-02,1
STNR006190,2332,COMPILERTEKNIK,7,7-trinsskala,5,Skriftlig,intern censur,Fall 2020,2020-08-01,2020-10-31,1
STNR006190,62407,INTERNET OF THINGS - TEORI OG PRAKSIS,7,7-trinsskala,5,Mundtlig,intern censur,Fall 2020,2020-08-01,2020-10-31,1
STNR006190,62530,NETVAERKSSIKKERHED,10,7-trinsskala,5,Skriftlig,intern censur,Fall 2020,2020-08-01,2020-10-31,1
STNR006190,62550,BRUGERINTERAKTION OG UDVIKLING PA MOBILE ENHEDER,10,7-trinsskala,10,Skriftlig,ekstern censur,Fall 2020,2020-08-01,2020-10-31,1
STNR006190,62588,OPERATIVSYSTEMER,4,7-trinsskala,5,Skriftlig,ekstern censur,Fall 2020,2020-08-01,2020-10-31,1
STNR006190,PRA62-30,INGENIORPRAKTIK,BE,bestået/ikke bestået,30,Praktik,intern censur,Spring 2021,2021-02-01,2021-05-03,1
STNR006190,62437,VIDEREGAENDE MOBILAPPLIKATIONSUDVIKLING MED PROJEKT,7,7-trinsskala,10,Afløsningsopgave,intern censur,Fall 2021,2021-08-01,2021-10-31,1
STNR006190,62999,INNOVATION PILOT,2,7-trinsskala,10,Afløsningsopgave,intern censur,Fall 2021,2021-08-01,2021-10-31,1
STNR006194,2313,UDVIKLINGSMETODER TIL IT-SYSTEMER,12,7-trinsskala,5,Skriftlig,ekstern censur,Fall 2018,2018-08-01,2018-10-31,1
STNR006194,2315,VERSIONSSTYRING OG TESTMETODER,10,7-trinsskala,5,Afløsningsopgave,ekstern censur,Fall 2018,2018-08-01,2018-10-31,1
STNR006194,2324,VIDEREGAENDE PROGRAMMERING,12,7-trinsskala,10,Skriftlig,ekstern censur,Spring 2019,2019-02-01,2019-05-03,1
STNR006194,2326,ALGORITMER OG DATASTRUKTURER,2,7-trinsskala,5,Skriftlig,ekstern censur,Spring 2019,2019-02-01,2019-05-03,1
STNR006194,2327,INDLEDENDE DATABASER OG DATABASEPROGRAMMERING,4,7-trinsskala,5,Afløsningsopgave,intern censur,Spring 2019,2019-02-01,2019-05-03,1
STNR006194,62409,C PROGRAMMERING FOR JAVA PROGRAMMORER,10,7-trinsskala,5,Mundtlig,intern censur,Spring 2019,2019-02-01,2019-05-03,1
STNR006194,62577,DATAKOMMUNIKATION,10,7-trinsskala,5,Afløsningsopgave,ekstern censur,Spring 2019,2019-02-01,2019-05-03,1
STNR006194,1901,BASISMAT - INDLEDENDE MATEMATIK FOR DIPLOMINGENIORER,7,7-trinsskala,5,Afløsningsopgave,intern censur,Fall 2019,2019-08-01,2019-10-31,1
STNR006194,1904,DISKRET MATEMATIK,12,7-trinsskala,5,Skriftlig,intern censur,Fall 2019,2019-08-01,2019-10-31,1
STNR006194,2312,INDLEDENDE PROGRAMMERING,10,7-trinsskala,10,Mundtlig,ekstern censur,Fall 2019,2019-08-01,2019-10-31,1
STNR006194,2323,INTRODUKTION TIL STATISTIK,4,7-trinsskala,5,Skriftlig,ekstern censur,Fall 2019,2019-08-01,2019-10-31,1
STNR006194,2369,SOFTWARE PROCESSER OG MONSTRE,BE,7-trinsskala,5,Afløsningsopgave,ekstern censur,Fall 2019,2019-08-01,2019-10-31,1
STNR006194,1920,BASISMAT 2 - VIDEREGAENDE MATEMATIK FOR DIPLOMINGENIORER,7,7-trinsskala,5,Skriftlig,intern censur,Spring 2020,2020-02-01,2020-05-02,1
STNR006194,2180,INTRODUKTION TIL KUNSTIG INTELLIGENS,4,7-trinsskala,5,Skriftlig,ekstern censur,Spring 2020,2020-02-01,2020-05-02,1
STNR006194,2346,DISTRIBUEREDE OG PARALLELLE SYSTEMER,7,7-trinsskala,5,Skriftlig,ekstern censur,Spring 2020,2020-02-01,2020-05-02,1
STNR006194,62410,CDIO-PROJEKT,12,7-trinsskala,10,Mundtlig,intern censur,Spring 2020,2020-02-01,2020-05-02,1
STNR006194,62413,AVANCERET OBJEKTORIENTERET PROGRAMMERING MED C# OG .NET,12,7-trinsskala,5,Mundtlig,intern censur,Spring 2020,2020-02-01,2020-05-02,1
STNR006194,2332,COMPILERTEKNIK,12,7-trinsskala,5,Skriftlig,intern censur,Fall 2020,2020-08-01,2020-10-31,1
STNR006194,62407,INTERNET OF THINGS - TEORI OG PRAKSIS,7,7-trinsskala,5,Mundtlig,intern censur,Fall 2020,2020-08-01,2020-10-31,1
STNR006194,62550,BRUGERINTERAKTION OG UDVIKLING PA MOBILE ENHEDER,10,7-trinsskala,10,Skriftlig,ekstern censur,Fall 2020,2020-08-01,2020-10-31,1
STNR006194,62588,OPERATIVSYSTEMER,12,7-trinsskala,5,Skriftlig,ekstern censur,Fall 2020,2020-08-01,2020-10-31,1
STNR006194,PRA62-30,INGENIORPRAKTIK,BE,bestået/ikke bestået,30,Praktik,intern censur,Spring 2021,2021-02-01,2021-05-03,1
STNR006194,2267,SOFTWAREUDVIKLING AF WEBTJENESTER,10,7-trinsskala,5,Skriftlig,intern censur,Fall 2021,2021-08-01,2021-10-31,1
STNR006194,2450,INTRODUKTION TIL MACHINE LEARNING OG DATA MINING,BE,7-trinsskala,5,Skriftlig,ekstern censur,Fall 2021,2021-08-01,2021-10-31,1
STNR006194,62416,VIDEREGAENDE MOBILAPPLIKATIONSUDVIKLING,7,7-trinsskala,5,Afløsningsopgave,intern censur,Fall 2021,2021-08-01,2021-10-31,1
STNR006194,62999,INNOVATION PILOT,2,7-trinsskala,10,Afløsningsopgave,intern censur,Fall 2021,2021-08-01,2021-10-31,1
STNR006195,2313,UDVIKLINGSMETODER TIL IT-SYSTEMER,12,7-trinsskala,5,Skriftlig,ekstern censur,Fall 2018,2018-08-01,2018-10-31,1
STNR006195,2315,VERSIONSSTYRING OG TESTMETODER,7,7-trinsskala,5,Afløsningsopgave,ekstern censur,Fall 2018,2018-08-01,2018-10-31,1
STNR006195,2324,VIDEREGAENDE PROGRAMMERING,10,7-trinsskala,10,Skriftlig,ekstern censur,Spring 2019,2019-02-01,2019-05-03,1
STNR006195,2326,ALGORITMER OG DATASTRUKTURER,7,7-trinsskala,5,Skriftlig,ekstern censur,Spring 2019,2019-02-01,2019-05-03,1
STNR006195,2327,INDLEDENDE DATABASER OG DATABASEPROGRAMMERING,7,7-trinsskala,5,Afløsningsopgave,intern censur,Spring 2019,2019-02-01,2019-05-03,1
STNR006195,62409,C PROGRAMMERING FOR JAVA PROGRAMMORER,7,7-trinsskala,5,Mundtlig,intern censur,Spring 2019,2019-02-01,2019-05-03,1
STNR006195,62577,DATAKOMMUNIKATION,10,7-trinsskala,5,Afløsningsopgave,ekstern censur,Spring 2019,2019-02-01,2019-05-03,1
STNR006195,1901,BASISMAT - INDLEDENDE MATEMATIK FOR DIPLOMINGENIORER,4,7-trinsskala,5,Afløsningsopgave,intern censur,"Fall 2019, Spring 2019",2019-02-01,2019-08-02,2
STNR006195,1904,DISKRET MATEMATIK,4,7-trinsskala,5,Skriftlig,intern censur,Fall 2019,2019-08-01,2019-10-31,1
STNR006195,2312,INDLEDENDE PROGRAMMERING,10,7-trinsskala,10,Mundtlig,ekstern censur,Fall 2019,2019-08-01,2019-10-31,1
STNR006195,2323,INTRODUKTION TIL STATISTIK,4,7-trinsskala,5,Skriftlig,ekstern censur,Fall 2019,2019-08-01,2019-10-31,1
STNR006195,2369,SOFTWARE PROCESSER OG MONSTRE,BE,7-trinsskala,5,Afløsningsopgave,ekstern censur,Fall 2019,2019-08-01,2019-10-31,1
STNR006195,62410,CDIO-PROJEKT,12,7-trinsskala,10,Mundtlig,intern censur,Spring 2020,2020-02-01,2020-05-02,1
STNR006195,62597,"BACKENDUDVIKLING, DRIFT OG DISTRIBUEREDE SYSTEMER",10,7-trinsskala,5,Skriftlig,intern censur,Spring 2020,2020-02-01,2020-05-02,1
STNR006195,2346,DISTRIBUEREDE OG PARALLELLE SYSTEMER,2,7-trinsskala,5,Skriftlig,ekstern censur,"Spring 2020, Spring 2021",2020-02-01,2020-08-01,2
STNR006195,62413,AVANCERET OBJEKTORIENTERET PROGRAMMERING MED C# OG .NET,10,7-trinsskala,5,Mundtlig,intern censur,"Spring 2020, Fall 2020",2020-02-01,2020-08-01,2
STNR006195,1920,BASISMAT 2 - VIDEREGAENDE MATEMATIK FOR DIPLOMINGENIORER,4,7-trinsskala,5,Skriftlig,intern censur,"Spring 2020, Spring 2020, Spring 2021",2020-02-01,2020-10-31,3
STNR006195,2332,COMPILERTEKNIK,4,7-trinsskala,5,Skriftlig,intern censur,Fall 2020,2020-08-01,2020-10-31,1
STNR006195,62550,BRUGERINTERAKTION OG UDVIKLING PA MOBILE ENHEDER,12,7-trinsskala,10,Skriftlig,ekstern censur,Fall 2020,2020-08-01,2020-10-31,1
STNR006195,62588,OPERATIVSYSTEMER,10,7-trinsskala,5,Skriftlig,ekstern censur,Fall 2020,2020-08-01,2020-10-31,1
STNR006195,62589,BUSINESS INTELLIGENCE,7,7-trinsskala,5,Skriftlig,ekstern censur,Fall 2020,2020-08-01,2020-10-31,1
STNR006195,PRA62-30,INGENIORPRAKTIK,BE,bestået/ikke bestået,30,Praktik,intern censur,Spring 2021,2021-02-01,2021-05-03,1
STNR006195,42611,INGENIORFAGETS VIDENSKABSTEORI (AUGUST),BE,7-trinsskala,5,Afløsningsopgave,intern censur,Fall 2021,2021-08-01,2021-10-31,1
STNR006195,62437,VIDEREGAENDE MOBILAPPLIKATIONSUDVIKLING MED PROJEKT,12,7-trinsskala,10,Afløsningsopgave,intern censur,Fall 2021,2021-08-01,2021-10-31,1
STNR006195,62999,INNOVATION PILOT,7,7-trinsskala,10,Afløsningsopgave,intern censur,Fall 2021,2021-08-01,2021-10-31,1
STNR006196,2313,UDVIKLINGSMETODER TIL IT-SYSTEMER,12,7-trinsskala,5,Skriftlig,ekstern censur,Fall 2018,2018-08-01,2018-10-31,1
STNR006196,2315,VERSIONSSTYRING OG TESTMETODER,7,7-trinsskala,5,Afløsningsopgave,ekstern censur,Fall 2018,2018-08-01,2018-10-31,1
STNR006196,2324,VIDEREGAENDE PROGRAMMERING,10,7-trinsskala,10,Skriftlig,ekstern censur,Spring 2019,2019-02-01,2019-05-03,1
STNR006196,2326,ALGORITMER OG DATASTRUKTURER,2,7-trinsskala,5,Skriftlig,ekstern censur,Spring 2019,2019-02-01,2019-05-03,1
STNR006196,2327,INDLEDENDE DATABASER OG DATABASEPROGRAMMERING,7,7-trinsskala,5,Afløsningsopgave,intern censur,Spring 2019,2019-02-01,2019-05-03,1
STNR006196,62409,C PROGRAMMERING FOR JAVA PROGRAMMORER,4,7-trinsskala,5,Mundtlig,intern censur,Spring 2019,2019-02-01,2019-05-03,1
STNR006196,62577,DATAKOMMUNIKATION,7,7-trinsskala,5,Afløsningsopgave,ekstern censur,Spring 2019,2019-02-01,2019-05-03,1
STNR006196,1901,BASISMAT - INDLEDENDE MATEMATIK FOR DIPLOMINGENIORER,4,7-trinsskala,5,Afløsningsopgave,intern censur,Fall 2019,2019-08-01,2019-10-31,1
STNR006196,1904,DISKRET MATEMATIK,7,7-trinsskala,5,Skriftlig,intern censur,Fall 2019,2019-08-01,2019-10-31,1
STNR006196,2312,INDLEDENDE PROGRAMMERING,10,7-trinsskala,10,Mundtlig,ekstern censur,Fall 2019,2019-08-01,2019-10-31,1
STNR006196,2323,INTRODUKTION TIL STATISTIK,2,7-trinsskala,5,Skriftlig,ekstern censur,Fall 2019,2019-08-01,2019-10-31,1
STNR006196,2369,SOFTWARE PROCESSER OG MONSTRE,BE,7-trinsskala,5,Afløsningsopgave,ekstern censur,Fall 2019,2019-08-01,2019-10-31,1
STNR006196,1920,BASISMAT 2 - VIDEREGAENDE MATEMATIK FOR DIPLOMINGENIORER,2,7-trinsskala,5,Skriftlig,intern censur,Spring 2020,2020-02-01,2020-05-02,1
STNR006196,2180,INTRODUKTION TIL KUNSTIG INTELLIGENS,2,7-trinsskala,5,Skriftlig,ekstern censur,Spring 2020,2020-02-01,2020-05-02,1
STNR006196,2346,DISTRIBUEREDE OG PARALLELLE SYSTEMER,7,7-trinsskala,5,Skriftlig,ekstern censur,Spring 2020,2020-02-01,2020-05-02,1
STNR006196,62410,CDIO-PROJEKT,7,7-trinsskala,10,Mundtlig,intern censur,Spring 2020,2020-02-01,2020-05-02,1
STNR006196,62413,AVANCERET OBJEKTORIENTERET PROGRAMMERING MED C# OG .NET,12,7-trinsskala,5,Mundtlig,intern censur,Spring 2020,2020-02-01,2020-05-02,1
STNR006196,2332,COMPILERTEKNIK,4,7-trinsskala,5,Skriftlig,intern censur,Fall 2020,2020-08-01,2020-10-31,1
STNR006196,62407,INTERNET OF THINGS - TEORI OG PRAKSIS,4,7-trinsskala,5,Mundtlig,intern censur,Fall 2020,2020-08-01,2020-10-31,1
STNR006196,62530,NETVAERKSSIKKERHED,7,7-trinsskala,5,Skriftlig,intern censur,Fall 2020,2020-08-01,2020-10-31,1
STNR006196,62550,BRUGERINTERAKTION OG UDVIKLING PA MOBILE ENHEDER,7,7-trinsskala,10,Skriftlig,ekstern censur,Fall 2020,2020-08-01,2020-10-31,1
STNR006196,62588,OPERATIVSYSTEMER,7,7-trinsskala,5,Skriftlig,ekstern censur,Fall 2020,2020-08-01,2020-10-31,1
STNR006196,62437,VIDEREGAENDE MOBILAPPLIKATIONSUDVIKLING MED PROJEKT,7,7-trinsskala,10,Afløsningsopgave,intern censur,Fall 2021,2021-08-01,2021-10-31,1
STNR006196,62999,INNOVATION PILOT,4,7-trinsskala,10,Afløsningsopgave,intern censur,Fall 2021,2021-08-01,2021-10-31,1
STNR006198,2313,UDVIKLINGSMETODER TIL IT-SYSTEMER,7,7-trinsskala,5,Skriftlig,ekstern censur,Fall 2018,2018-08-01,2018-10-31,1
STNR006198,2315,VERSIONSSTYRING OG TESTMETODER,7,7-trinsskala,5,Afløsningsopgave,ekstern censur,Fall 2018,2018-08-01,2018-10-31,1
STNR006198,2324,VIDEREGAENDE PROGRAMMERING,10,7-trinsskala,10,Skriftlig,ekstern censur,Spring 2019,2019-02-01,2019-05-03,1
STNR006198,2326,ALGORITMER OG DATASTRUKTURER,7,7-trinsskala,5,Skriftlig,ekstern censur,Spring 2019,2019-02-01,2019-05-03,1
STNR006198,2327,INDLEDENDE DATABASER OG DATABASEPROGRAMMERING,7,7-trinsskala,5,Afløsningsopgave,intern censur,Spring 2019,2019-02-01,2019-05-03,1
STNR006198,62409,C PROGRAMMERING FOR JAVA PROGRAMMORER,7,7-trinsskala,5,Mundtlig,intern censur,Spring 2019,2019-02-01,2019-05-03,1
STNR006198,62577,DATAKOMMUNIKATION,2,7-trinsskala,5,Afløsningsopgave,ekstern censur,Spring 2019,2019-02-01,2019-05-03,1
STNR006198,1901,BASISMAT - INDLEDENDE MATEMATIK FOR DIPLOMINGENIORER,4,7-trinsskala,5,Afløsningsopgave,intern censur,Fall 2019,2019-08-01,2019-10-31,1
STNR006198,1904,DISKRET MATEMATIK,7,7-trinsskala,5,Skriftlig,intern censur,Fall 2019,2019-08-01,2019-10-31,1
STNR006198,2312,INDLEDENDE PROGRAMMERING,7,7-trinsskala,10,Mundtlig,ekstern censur,Fall 2019,2019-08-01,2019-10-31,1
STNR006198,2369,SOFTWARE PROCESSER OG MONSTRE,BE,7-trinsskala,5,Afløsningsopgave,ekstern censur,Fall 2019,2019-08-01,2019-10-31,1
STNR006198,2323,INTRODUKTION TIL STATISTIK,4,7-trinsskala,5,Skriftlig,ekstern censur,"Fall 2019, Spring 2020",2019-08-01,2020-01-30,2
STNR006198,1920,BASISMAT 2 - VIDEREGAENDE MATEMATIK FOR DIPLOMINGENIORER,7,7-trinsskala,5,Skriftlig,intern censur,Spring 2020,2020-02-01,2020-05-02,1
STNR006198,2346,DISTRIBUEREDE OG PARALLELLE SYSTEMER,7,7-trinsskala,5,Skriftlig,ekstern censur,Spring 2020,2020-02-01,2020-05-02,1
STNR006198,62410,CDIO-PROJEKT,4,7-trinsskala,10,Mundtlig,intern censur,Spring 2020,2020-02-01,2020-05-02,1
STNR006198,62417,MOBIL APPLIKATIONSUDVIKLING MED SWIFT,7,7-trinsskala,5,Mundtlig,intern censur,Spring 2020,2020-02-01,2020-05-02,1
STNR006198,62573,PROGRAMMERING AF INTELLIGENTE KORETOJER OG MOBILE APPLIKATIONER,BE,bestået/ikke bestået,5,Afløsningsopgave,intern censur,Spring 2020,2020-02-01,2020-05-02,1
STNR006198,2332,COMPILERTEKNIK,10,7-trinsskala,5,Skriftlig,intern censur,Fall 2020,2020-08-01,2020-10-31,1
STNR006198,62550,BRUGERINTERAKTION OG UDVIKLING PA MOBILE ENHEDER,10,7-trinsskala,10,Skriftlig,ekstern censur,Fall 2020,2020-08-01,2020-10-31,1
STNR006198,62583,PROGRAMMERING AF INDLEJREDE TRADLOSE SYSTEMER OG SENSORER,7,7-trinsskala,5,Skriftlig,ekstern censur,Fall 2020,2020-08-01,2020-10-31,1
STNR006198,62588,OPERATIVSYSTEMER,10,7-trinsskala,5,Skriftlig,ekstern censur,Fall 2020,2020-08-01,2020-10-31,1
STNR006198,62598,KUNSTIG INTELLIGENS I COMPUTERSPIL,12,7-trinsskala,5,Skriftlig,intern censur,Fall 2020,2020-08-01,2020-10-31,1
STNR006198,2110,ALGORITMER OG DATASTRUKTURER 2,0,7-trinsskala,5,Skriftlig,ekstern censur,"Fall 2020, Spring 2021",2020-08-01,2021-01-30,2
STNR006198,2157,FUNKTIONSPROGRAMMERING,2,7-trinsskala,5,Skriftlig,ekstern censur,"Fall 2021, Spring 2021",2021-02-01,2021-08-02,2
STNR006198,62999,INNOVATION PILOT,10,7-trinsskala,10,Afløsningsopgave,intern censur,Fall 2021,2021-08-01,2021-10-31,1
STNR006199,2313,UDVIKLINGSMETODER TIL IT-SYSTEMER,12,7-trinsskala,5,Skriftlig,ekstern censur,Fall 2018,2018-08-01,2018-10-31,1
STNR006199,2315,VERSIONSSTYRING OG TESTMETODER,7,7-trinsskala,5,Afløsningsopgave,ekstern censur,Fall 2018,2018-08-01,2018-10-31,1
STNR006199,2324,VIDEREGAENDE PROGRAMMERING,10,7-trinsskala,10,Skriftlig,ekstern censur,Spring 2019,2019-02-01,2019-05-03,1
STNR006199,2327,INDLEDENDE DATABASER OG DATABASEPROGRAMMERING,4,7-trinsskala,5,Afløsningsopgave,intern censur,Spring 2019,2019-02-01,2019-05-03,1
STNR006199,62409,C PROGRAMMERING FOR JAVA PROGRAMMORER,7,7-trinsskala,5,Mundtlig,intern censur,Spring 2019,2019-02-01,2019-05-03,1
STNR006199,62577,DATAKOMMUNIKATION,10,7-trinsskala,5,Afløsningsopgave,ekstern censur,Spring 2019,2019-02-01,2019-05-03,1
STNR006199,2326,ALGORITMER OG DATASTRUKTURER,0,7-trinsskala,5,Skriftlig,ekstern censur,"Spring 2019, Spring 2019",2019-02-01,2019-08-02,2
STNR006199,1901,BASISMAT - INDLEDENDE MATEMATIK FOR DIPLOMINGENIORER,7,7-trinsskala,5,Afløsningsopgave,intern censur,Fall 2019,2019-08-01,2019-10-31,1
STNR006199,1904,DISKRET MATEMATIK,4,7-trinsskala,5,Skriftlig,intern censur,Fall 2019,2019-08-01,2019-10-31,1
STNR006199,2312,INDLEDENDE PROGRAMMERING,10,7-trinsskala,10,Mundtlig,ekstern censur,Fall 2019,2019-08-01,2019-10-31,1
STNR006199,2369,SOFTWARE PROCESSER OG MONSTRE,BE,7-trinsskala,5,Afløsningsopgave,ekstern censur,Fall 2019,2019-08-01,2019-10-31,1
STNR006199,2323,INTRODUKTION TIL STATISTIK,7,7-trinsskala,5,Skriftlig,ekstern censur,"Fall 2019, Spring 2021",2019-08-01,2020-01-30,2
STNR006199,62410,CDIO-PROJEKT,10,7-trinsskala,10,Mundtlig,intern censur,Spring 2020,2020-02-01,2020-05-02,1
STNR006199,62530,NETVAERKSSIKKERHED,7,7-trinsskala,5,Skriftlig,intern censur,Spring 2020,2020-02-01,2020-05-02,1
STNR006199,1920,BASISMAT 2 - VIDEREGAENDE MATEMATIK FOR DIPLOMINGENIORER,EM,7-trinsskala,5,Skriftlig,intern censur,"Spring 2020, Spring 2020",2020-02-01,2020-08-01,2
STNR006199,62413,AVANCERET OBJEKTORIENTERET PROGRAMMERING MED C# OG .NET,7,7-trinsskala,5,Mundtlig,intern censur,"Spring 2020, Spring 2021",2020-02-01,2020-08-01,2
STNR006199,2110,ALGORITMER OG DATASTRUKTURER 2,IG,7-trinsskala,5,Skriftlig,ekstern censur,Fall 2020,2020-08-01,2020-10-31,1
STNR006199,2332,COMPILERTEKNIK,10,7-trinsskala,5,Skriftlig,intern censur,Fall 2020,2020-08-01,2020-10-31,1
STNR006199,62550,BRUGERINTERAKTION OG UDVIKLING PA MOBILE ENHEDER,4,7-trinsskala,10,Skriftlig,ekstern censur,Fall 2020,2020-08-01,2020-10-31,1
STNR006199,62588,OPERATIVSYSTEMER,10,7-trinsskala,5,Skriftlig,ekstern censur,Fall 2020,2020-08-01,2020-10-31,1
STNR006199,62598,KUNSTIG INTELLIGENS I COMPUTERSPIL,10,7-trinsskala,5,Skriftlig,intern censur,Fall 2020,2020-08-01,2020-10-31,1
STNR006199,1410,KRYPTOLOGI 1,4,7-trinsskala,5,Skriftlig,ekstern censur,Spring 2021,2021-02-01,2021-05-03,1
STNR006199,2193,ETISK HACKING,10,7-trinsskala,5,Afløsningsopgave,intern censur,Spring 2021,2021-02-01,2021-05-03,1
STNR006199,2346,DISTRIBUEREDE OG PARALLELLE SYSTEMER,IG,7-trinsskala,5,Skriftlig,ekstern censur,Spring 2021,2021-02-01,2021-05-03,1
STNR006199,2148,INTRODUKTION TIL KOORDINERING AF FORDELTE APPLIKATIONER,10,7-trinsskala,5,Skriftlig,intern censur,Fall 2021,2021-08-01,2021-10-31,1
STNR006199,62416,VIDEREGAENDE MOBILAPPLIKATIONSUDVIKLING,EM,7-trinsskala,5,Mundtlig,intern censur,Fall 2021,2021-08-01,2021-10-31,1
STNR006199,62999,INNOVATION PILOT,7,7-trinsskala,10,Afløsningsopgave,intern censur,Fall 2021,2021-08-01,2021-10-31,1
STNR006203,2315,VERSIONSSTYRING OG TESTMETODER,7,7-trinsskala,5,Afløsningsopgave,ekstern censur,Fall 2017,2017-08-01,2017-10-31,1
STNR006203,2313,UDVIKLINGSMETODER TIL IT-SYSTEMER,EM,7-trinsskala,5,Skriftlig,ekstern censur,"Fall 2017, Fall 2020",2017-08-01,2018-01-30,2
STNR006203,2324,VIDEREGAENDE PROGRAMMERING,10,7-trinsskala,10,Skriftlig,ekstern censur,Spring 2018,2018-02-01,2018-05-03,1
STNR006203,2327,INDLEDENDE DATABASER OG DATABASEPROGRAMMERING,4,7-trinsskala,5,Afløsningsopgave,intern censur,Spring 2018,2018-02-01,2018-05-03,1
STNR006203,62409,C PROGRAMMERING FOR JAVA PROGRAMMORER,7,7-trinsskala,5,Mundtlig,intern censur,Spring 2018,2018-02-01,2018-05-03,1
STNR006203,2326,ALGORITMER OG DATASTRUKTURER,IG,7-trinsskala,5,Skriftlig,ekstern censur,"Spring 2020, Spring 2018",2018-02-01,2018-08-02,2
STNR006203,2312,INDLEDENDE PROGRAMMERING,10,7-trinsskala,10,Mundtlig,ekstern censur,Fall 2018,2018-08-01,2018-10-31,1
STNR006203,2323,INTRODUKTION TIL STATISTIK,2,7-trinsskala,5,Skriftlig,ekstern censur,Fall 2018,2018-08-01,2018-10-31,1
STNR006203,2369,SOFTWARE PROCESSER OG MONSTRE,7,7-trinsskala,5,Afløsningsopgave,ekstern censur,Fall 2018,2018-08-01,2018-10-31,1
STNR006203,62577,DATAKOMMUNIKATION,10,7-trinsskala,5,Afløsningsopgave,ekstern censur,"Spring 2018, Spring 2019, Spring 2020",2018-02-01,2018-11-01,3
STNR006203,1904,DISKRET MATEMATIK,-3,7-trinsskala,5,Skriftlig,intern censur,"Fall 2018, Fall 2021",2018-08-01,2019-01-30,2
STNR006203,1901,BASISMAT - INDLEDENDE MATEMATIK FOR DIPLOMINGENIORER,4,7-trinsskala,5,Afløsningsopgave,intern censur,"Fall 2018, Fall 2019, Spring 2020",2018-08-01,2019-05-01,3
STNR006203,2346,DISTRIBUEREDE OG PARALLELLE SYSTEMER,0,7-trinsskala,5,Skriftlig,ekstern censur,Spring 2019,2019-02-01,2019-05-03,1
STNR006203,62410,CDIO-PROJEKT,7,7-trinsskala,10,Mundtlig,intern censur,Spring 2019,2019-02-01,2019-05-03,1
STNR006203,62413,AVANCERET OBJEKTORIENTERET PROGRAMMERING MED C# OG .NET,4,7-trinsskala,5,Mundtlig,intern censur,Spring 2019,2019-02-01,2019-05-03,1
STNR006203,62501,LINUX SERVER OG NETVAERK,4,7-trinsskala,5,Skriftlig,intern censur,Spring 2019,2019-02-01,2019-05-03,1
STNR006203,2332,COMPILERTEKNIK,7,7-trinsskala,5,Skriftlig,intern censur,Fall 2019,2019-08-01,2019-10-31,1
STNR006203,62550,BRUGERINTERAKTION OG UDVIKLING PA MOBILE ENHEDER,12,7-trinsskala,10,Skriftlig,ekstern censur,Fall 2019,2019-08-01,2019-10-31,1
STNR006203,62588,OPERATIVSYSTEMER,7,7-trinsskala,5,Skriftlig,ekstern censur,Fall 2019,2019-08-01,2019-10-31,1
STNR006203,62598,KUNSTIG INTELLIGENS I COMPUTERSPIL,7,7-trinsskala,5,Skriftlig,intern censur,Fall 2019,2019-08-01,2019-10-31,1
STNR006203,62530,NETVAERKSSIKKERHED,EM,7-trinsskala,5,Skriftlig,intern censur,"Spring 2020, Fall 2019",2019-08-01,2020-01-30,2
STNR006203,1920,BASISMAT 2 - VIDEREGAENDE MATEMATIK FOR DIPLOMINGENIORER,0,7-trinsskala,5,Skriftlig,intern censur,Spring 2020,2020-02-01,2020-05-02,1
STNR006203,62416,VIDEREGAENDE MOBILAPPLIKATIONSUDVIKLING,10,7-trinsskala,5,Mundtlig,intern censur,Fall 2020,2020-08-01,2020-10-31,1
STNR006203,62427,NETVAERKSFORSVAR OG ANGREBSHANDTERING,10,7-trinsskala,5,Mundtlig,ekstern censur,Fall 2020,2020-08-01,2020-10-31,1
STNR006203,62999,INNOVATION PILOT,7,7-trinsskala,10,Afløsningsopgave,intern censur,Fall 2020,2020-08-01,2020-10-31,1
STNR006204,2313,UDVIKLINGSMETODER TIL IT-SYSTEMER,10,7-trinsskala,5,Skriftlig,ekstern censur,Fall 2017,2017-08-01,2017-10-31,1
STNR006204,2315,VERSIONSSTYRING OG TESTMETODER,7,7-trinsskala,5,Afløsningsopgave,ekstern censur,Fall 2017,2017-08-01,2017-10-31,1
STNR006204,2324,VIDEREGAENDE PROGRAMMERING,12,7-trinsskala,10,Skriftlig,ekstern censur,Spring 2018,2018-02-01,2018-05-03,1
STNR006204,2326,ALGORITMER OG DATASTRUKTURER,4,7-trinsskala,5,Skriftlig,ekstern censur,Spring 2018,2018-02-01,2018-05-03,1
STNR006204,2327,INDLEDENDE DATABASER OG DATABASEPROGRAMMERING,10,7-trinsskala,5,Afløsningsopgave,intern censur,Spring 2018,2018-02-01,2018-05-03,1
STNR006204,62409,C PROGRAMMERING FOR JAVA PROGRAMMORER,7,7-trinsskala,5,Mundtlig,intern censur,Spring 2018,2018-02-01,2018-05-03,1
STNR006204,62577,DATAKOMMUNIKATION,4,7-trinsskala,5,Afløsningsopgave,ekstern censur,Spring 2018,2018-02-01,2018-05-03,1
STNR006204,1901,BASISMAT - INDLEDENDE MATEMATIK FOR DIPLOMINGENIORER,7,7-trinsskala,5,Afløsningsopgave,intern censur,Fall 2018,2018-08-01,2018-10-31,1
STNR006204,1904,DISKRET MATEMATIK,7,7-trinsskala,5,Skriftlig,intern censur,Fall 2018,2018-08-01,2018-10-31,1
STNR006204,2312,INDLEDENDE PROGRAMMERING,10,7-trinsskala,10,Mundtlig,ekstern censur,Fall 2018,2018-08-01,2018-10-31,1
STNR006204,2323,INTRODUKTION TIL STATISTIK,10,7-trinsskala,5,Skriftlig,ekstern censur,Fall 2018,2018-08-01,2018-10-31,1
STNR006204,2369,SOFTWARE PROCESSER OG MONSTRE,12,7-trinsskala,5,Afløsningsopgave,ekstern censur,Fall 2018,2018-08-01,2018-10-31,1
STNR006204,1920,BASISMAT 2 - VIDEREGAENDE MATEMATIK FOR DIPLOMINGENIORER,12,7-trinsskala,5,Skriftlig,intern censur,Spring 2019,2019-02-01,2019-05-03,1
STNR006204,2180,INTRODUKTION TIL KUNSTIG INTELLIGENS,4,7-trinsskala,5,Skriftlig,ekstern censur,Spring 2019,2019-02-01,2019-05-03,1
STNR006204,2346,DISTRIBUEREDE OG PARALLELLE SYSTEMER,10,7-trinsskala,5,Skriftlig,ekstern censur,Spring 2019,2019-02-01,2019-05-03,1
STNR006204,62410,CDIO-PROJEKT,12,7-trinsskala,10,Mundtlig,intern censur,Spring 2019,2019-02-01,2019-05-03,1
STNR006204,62413,AVANCERET OBJEKTORIENTERET PROGRAMMERING MED C# OG .NET,10,7-trinsskala,5,Mundtlig,intern censur,Spring 2019,2019-02-01,2019-05-03,1
STNR006204,62588,OPERATIVSYSTEMER,4,7-trinsskala,5,Skriftlig,ekstern censur,"Fall 2019, Spring 2019",2019-02-01,2019-08-02,2
STNR006204,2332,COMPILERTEKNIK,10,7-trinsskala,5,Skriftlig,intern censur,Fall 2019,2019-08-01,2019-10-31,1
STNR006204,62417,MOBIL APPLIKATIONSUDVIKLING MED SWIFT,12,7-trinsskala,5,Mundtlig,intern censur,Fall 2019,2019-08-01,2019-10-31,1
STNR006204,62550,BRUGERINTERAKTION OG UDVIKLING PA MOBILE ENHEDER,10,7-trinsskala,10,Skriftlig,ekstern censur,Fall 2019,2019-08-01,2019-10-31,1
STNR006204,62598,KUNSTIG INTELLIGENS I COMPUTERSPIL,10,7-trinsskala,5,Skriftlig,intern censur,Fall 2019,2019-08-01,2019-10-31,1
STNR006204,S62-05-1,SPECIALKURSUS VED INSTITUT FOR INGENIORTEKNOLOGI OG -DIDAKTIK,BE,7-trinsskala,5,Projekt,intern censur,"Fall 2019, Spring 2020",2019-08-01,2020-01-30,2
STNR006204,PRA62-30,INGENIORPRAKTIK,BE,bestået/ikke bestået,30,Praktik,intern censur,Spring 2020,2020-02-01,2020-05-02,1
STNR006204,2267,SOFTWAREUDVIKLING AF WEBTJENESTER,12,7-trinsskala,5,Skriftlig,intern censur,Fall 2020,2020-08-01,2020-10-31,1
STNR006204,62999,INNOVATION PILOT,7,7-trinsskala,10,Afløsningsopgave,intern censur,Fall 2020,2020-08-01,2020-10-31,1
STNR006204,62416,VIDEREGAENDE MOBILAPPLIKATIONSUDVIKLING,7,7-trinsskala,5,Afløsningsopgave,intern censur,Fall 2021,2021-08-01,2021-10-31,1
STNR006204,DE62-20,INSTITUT FOR INGENIORTEKNOLOGI OG -DIDAKTIK,12,7-trinsskala,20,Projekt,ekstern censur,Fall 2021,2021-08-01,2021-10-31,1
STNR006205,2313,UDVIKLINGSMETODER TIL IT-SYSTEMER,4,7-trinsskala,5,Skriftlig,ekstern censur,Fall 2017,2017-08-01,2017-10-31,1
STNR006205,2315,VERSIONSSTYRING OG TESTMETODER,7,7-trinsskala,5,Afløsningsopgave,ekstern censur,Fall 2017,2017-08-01,2017-10-31,1
STNR006205,2324,VIDEREGAENDE PROGRAMMERING,10,7-trinsskala,10,Skriftlig,ekstern censur,Spring 2018,2018-02-01,2018-05-03,1
STNR006205,2326,ALGORITMER OG DATASTRUKTURER,4,7-trinsskala,5,Skriftlig,ekstern censur,Spring 2018,2018-02-01,2018-05-03,1
STNR006205,2327,INDLEDENDE DATABASER OG DATABASEPROGRAMMERING,7,7-trinsskala,5,Afløsningsopgave,intern censur,Spring 2018,2018-02-01,2018-05-03,1
STNR006205,62409,C PROGRAMMERING FOR JAVA PROGRAMMORER,7,7-trinsskala,5,Mundtlig,intern censur,Spring 2018,2018-02-01,2018-05-03,1
STNR006205,62577,DATAKOMMUNIKATION,4,7-trinsskala,5,Afløsningsopgave,ekstern censur,Spring 2018,2018-02-01,2018-05-03,1
STNR006205,1901,BASISMAT - INDLEDENDE MATEMATIK FOR DIPLOMINGENIORER,10,7-trinsskala,5,Afløsningsopgave,intern censur,Fall 2018,2018-08-01,2018-10-31,1
STNR006205,1904,DISKRET MATEMATIK,4,7-trinsskala,5,Skriftlig,intern censur,Fall 2018,2018-08-01,2018-10-31,1
STNR006205,2312,INDLEDENDE PROGRAMMERING,10,7-trinsskala,10,Mundtlig,ekstern censur,Fall 2018,2018-08-01,2018-10-31,1
STNR006205,2369,SOFTWARE PROCESSER OG MONSTRE,12,7-trinsskala,5,Afløsningsopgave,ekstern censur,Fall 2018,2018-08-01,2018-10-31,1
STNR006205,2323,INTRODUKTION TIL STATISTIK,4,7-trinsskala,5,Skriftlig,ekstern censur,"Fall 2018, Fall 2019, Fall 2020",2018-08-01,2019-05-01,3
STNR006205,1920,BASISMAT 2 - VIDEREGAENDE MATEMATIK FOR DIPLOMINGENIORER,7,7-trinsskala,5,Skriftlig,intern censur,Spring 2019,2019-02-01,2019-05-03,1
STNR006205,2346,DISTRIBUEREDE OG PARALLELLE SYSTEMER,7,7-trinsskala,5,Skriftlig,ekstern censur,Spring 2019,2019-02-01,2019-05-03,1
STNR006205,62410,CDIO-PROJEKT,12,7-trinsskala,10,Mundtlig,intern censur,Spring 2019,2019-02-01,2019-05-03,1
STNR006205,62413,AVANCERET OBJEKTORIENTERET PROGRAMMERING MED C# OG .NET,7,7-trinsskala,5,Mundtlig,intern censur,Spring 2019,2019-02-01,2019-05-03,1
STNR006205,2180,INTRODUKTION TIL KUNSTIG INTELLIGENS,4,7-trinsskala,5,Skriftlig,ekstern censur,"Spring 2019, Spring 2021",2019-02-01,2019-08-02,2
STNR006205,2332,COMPILERTEKNIK,7,7-trinsskala,5,Skriftlig,intern censur,Fall 2019,2019-08-01,2019-10-31,1
STNR006205,62550,BRUGERINTERAKTION OG UDVIKLING PA MOBILE ENHEDER,10,7-trinsskala,10,Skriftlig,ekstern censur,Fall 2019,2019-08-01,2019-10-31,1
STNR006205,S62-05-1,SPECIALKURSUS VED INSTITUT FOR INGENIORTEKNOLOGI OG -DIDAKTIK,BE,7-trinsskala,5,Projekt,intern censur,Fall 2019,2019-08-01,2019-10-31,1
STNR006205,62588,OPERATIVSYSTEMER,EM,7-trinsskala,5,Skriftlig,ekstern censur,"Fall 2019, Fall 2020, Spring 2020",2019-08-01,2020-04-30,3
STNR006205,PRA62-30,INGENIORPRAKTIK,BE,bestået/ikke bestået,30,Praktik,intern censur,Spring 2020,2020-02-01,2020-05-02,1
STNR006205,62407,INTERNET OF THINGS - TEORI OG PRAKSIS,2,7-trinsskala,5,Mundtlig,intern censur,Fall 2020,2020-08-01,2020-10-31,1
STNR006205,62416,VIDEREGAENDE MOBILAPPLIKATIONSUDVIKLING,7,7-trinsskala,5,Mundtlig,intern censur,Fall 2020,2020-08-01,2020-10-31,1
STNR006205,62598,KUNSTIG INTELLIGENS I COMPUTERSPIL,7,7-trinsskala,5,Skriftlig,intern censur,Fall 2020,2020-08-01,2020-10-31,1
STNR006205,62999,INNOVATION PILOT,7,7-trinsskala,10,Afløsningsopgave,intern censur,Fall 2020,2020-08-01,2020-10-31,1
STNR006205,62501,LINUX SERVER OG NETVAERK,4,7-trinsskala,5,Skriftlig,intern censur,Spring 2021,2021-02-01,2021-05-03,1
STNR006205,DE01-20,INSTITUT FOR MATEMATIK OG COMPUTER SCIENCE,10,7-trinsskala,20,Projekt,ekstern censur,Spring 2021,2021-02-01,2021-05-03,1
STNR006205,2267,SOFTWAREUDVIKLING AF WEBTJENESTER,10,7-trinsskala,5,Skriftlig,intern censur,Fall 2021,2021-08-01,2021-10-31,1
STNR011217,1015,MATEMATIK 1,EM,7-trinsskala,"17,5",Skriftlig,ekstern censur,Spring 2017,2017-02-01,2017-05-03,1
STNR011217,26201,FYSISK KEMI 1,EM,7-trinsskala,5,Skriftlig,ekstern censur,Spring 2017,2017-02-01,2017-05-03,1
STNR011217,26400,ORGANISK KEMI 1,EM,7-trinsskala,5,Skriftlig,ekstern censur,Spring 2017,2017-02-01,2017-05-03,1
STNR011217,2313,UDVIKLINGSMETODER TIL IT-SYSTEMER,7,7-trinsskala,5,Skriftlig,ekstern censur,Fall 2017,2017-08-01,2017-10-31,1
STNR011217,2315,VERSIONSSTYRING OG TESTMETODER,7,7-trinsskala,5,Afløsningsopgave,ekstern censur,Fall 2017,2017-08-01,2017-10-31,1
STNR011217,2324,VIDEREGAENDE PROGRAMMERING,7,7-trinsskala,10,Skriftlig,ekstern censur,Spring 2018,2018-02-01,2018-05-03,1
STNR011217,2326,ALGORITMER OG DATASTRUKTURER,7,7-trinsskala,5,Skriftlig,ekstern censur,Spring 2018,2018-02-01,2018-05-03,1
STNR011217,2327,INDLEDENDE DATABASER OG DATABASEPROGRAMMERING,4,7-trinsskala,5,Afløsningsopgave,intern censur,Spring 2018,2018-02-01,2018-05-03,1
STNR011217,62409,C PROGRAMMERING FOR JAVA PROGRAMMORER,7,7-trinsskala,5,Mundtlig,intern censur,Spring 2018,2018-02-01,2018-05-03,1
STNR011217,62577,DATAKOMMUNIKATION,7,7-trinsskala,5,Afløsningsopgave,ekstern censur,Spring 2018,2018-02-01,2018-05-03,1
STNR011217,1901,BASISMAT - INDLEDENDE MATEMATIK FOR DIPLOMINGENIORER,7,7-trinsskala,5,Afløsningsopgave,intern censur,Fall 2018,2018-08-01,2018-10-31,1
STNR011217,1904,DISKRET MATEMATIK,7,7-trinsskala,5,Skriftlig,intern censur,Fall 2018,2018-08-01,2018-10-31,1
STNR011217,2312,INDLEDENDE PROGRAMMERING,10,7-trinsskala,10,Mundtlig,ekstern censur,Fall 2018,2018-08-01,2018-10-31,1
STNR011217,2323,INTRODUKTION TIL STATISTIK,7,7-trinsskala,5,Skriftlig,ekstern censur,Fall 2018,2018-08-01,2018-10-31,1
STNR011217,2369,SOFTWARE PROCESSER OG MONSTRE,10,7-trinsskala,5,Afløsningsopgave,ekstern censur,Fall 2018,2018-08-01,2018-10-31,1
STNR011217,1920,BASISMAT 2 - VIDEREGAENDE MATEMATIK FOR DIPLOMINGENIORER,10,7-trinsskala,5,Skriftlig,intern censur,Spring 2019,2019-02-01,2019-05-03,1
STNR011217,2346,DISTRIBUEREDE OG PARALLELLE SYSTEMER,7,7-trinsskala,5,Skriftlig,ekstern censur,Spring 2019,2019-02-01,2019-05-03,1
STNR011217,62410,CDIO-PROJEKT,4,7-trinsskala,10,Mundtlig,intern censur,Spring 2019,2019-02-01,2019-05-03,1
STNR011217,62413,AVANCERET OBJEKTORIENTERET PROGRAMMERING MED C# OG .NET,10,7-trinsskala,5,Mundtlig,intern censur,Spring 2019,2019-02-01,2019-05-03,1
STNR011217,62417,MOBIL APPLIKATIONSUDVIKLING MED SWIFT,7,7-trinsskala,5,Mundtlig,intern censur,Spring 2019,2019-02-01,2019-05-03,1
STNR011217,2332,COMPILERTEKNIK,10,7-trinsskala,5,Skriftlig,intern censur,Fall 2019,2019-08-01,2019-10-31,1
STNR011217,62426,CYBER DEFENCE OG LEDELSESANSVAR,12,7-trinsskala,5,Mundtlig,ekstern censur,Fall 2019,2019-08-01,2019-10-31,1
STNR011217,62550,BRUGERINTERAKTION OG UDVIKLING PA MOBILE ENHEDER,12,7-trinsskala,10,Skriftlig,ekstern censur,Fall 2019,2019-08-01,2019-10-31,1
STNR011217,62588,OPERATIVSYSTEMER,4,7-trinsskala,5,Skriftlig,ekstern censur,Fall 2019,2019-08-01,2019-10-31,1
STNR011217,PRA62-30,INGENIORPRAKTIK,BE,bestået/ikke bestået,30,Praktik,intern censur,Spring 2020,2020-02-01,2020-05-02,1
STNR011217,2823,COMPUTERSPILPROTOTYPER,10,7-trinsskala,5,Skriftlig,intern censur,Fall 2020,2020-08-01,2020-10-31,1
STNR011217,42430,PROJEKTLEDELSE,10,7-trinsskala,5,Mundtlig,ekstern censur,Fall 2020,2020-08-01,2020-10-31,1
STNR011217,62999,INNOVATION PILOT,10,7-trinsskala,10,Afløsningsopgave,intern censur,Fall 2020,2020-08-01,2020-10-31,1
STNR011217,2180,INTRODUKTION TIL KUNSTIG INTELLIGENS,7,7-trinsskala,5,Skriftlig,ekstern censur,Spring 2021,2021-02-01,2021-05-03,1
STNR011217,62501,LINUX SERVER OG NETVAERK,12,7-trinsskala,5,Skriftlig,intern censur,Spring 2021,2021-02-01,2021-05-03,1
STNR011217,2450,INTRODUKTION TIL MACHINE LEARNING OG DATA MINING,BE,7-trinsskala,5,Skriftlig,ekstern censur,Fall 2021,2021-08-01,2021-10-31,1
STNR011217,DE62-20,INSTITUT FOR INGENIORTEKNOLOGI OG -DIDAKTIK,12,7-trinsskala,20,Projekt,ekstern censur,Fall 2021,2021-08-01,2021-10-31,1
STNR013245,2313,UDVIKLINGSMETODER TIL IT-SYSTEMER,7,7-trinsskala,5,Skriftlig,ekstern censur,Fall 2017,2017-08-01,2017-10-31,1
STNR013245,2315,VERSIONSSTYRING OG TESTMETODER,4,7-trinsskala,5,Afløsningsopgave,ekstern censur,Fall 2017,2017-08-01,2017-10-31,1
STNR013245,2324,VIDEREGAENDE PROGRAMMERING,10,7-trinsskala,10,Skriftlig,ekstern censur,Spring 2018,2018-02-01,2018-05-03,1
STNR013245,2326,ALGORITMER OG DATASTRUKTURER,4,7-trinsskala,5,Skriftlig,ekstern censur,Spring 2018,2018-02-01,2018-05-03,1
STNR013245,2327,INDLEDENDE DATABASER OG DATABASEPROGRAMMERING,12,7-trinsskala,5,Afløsningsopgave,intern censur,Spring 2018,2018-02-01,2018-05-03,1
STNR013245,62409,C PROGRAMMERING FOR JAVA PROGRAMMORER,7,7-trinsskala,5,Mundtlig,intern censur,Spring 2018,2018-02-01,2018-05-03,1
STNR013245,62577,DATAKOMMUNIKATION,4,7-trinsskala,5,Afløsningsopgave,ekstern censur,Spring 2018,2018-02-01,2018-05-03,1
STNR013245,1901,BASISMAT - INDLEDENDE MATEMATIK FOR DIPLOMINGENIORER,10,7-trinsskala,5,Afløsningsopgave,intern censur,Fall 2018,2018-08-01,2018-10-31,1
STNR013245,1904,DISKRET MATEMATIK,12,7-trinsskala,5,Skriftlig,intern censur,Fall 2018,2018-08-01,2018-10-31,1
STNR013245,2312,INDLEDENDE PROGRAMMERING,10,7-trinsskala,10,Mundtlig,ekstern censur,Fall 2018,2018-08-01,2018-10-31,1
STNR013245,2323,INTRODUKTION TIL STATISTIK,4,7-trinsskala,5,Skriftlig,ekstern censur,Fall 2018,2018-08-01,2018-10-31,1
STNR013245,2369,SOFTWARE PROCESSER OG MONSTRE,7,7-trinsskala,5,Afløsningsopgave,ekstern censur,Fall 2018,2018-08-01,2018-10-31,1
STNR013245,1920,BASISMAT 2 - VIDEREGAENDE MATEMATIK FOR DIPLOMINGENIORER,10,7-trinsskala,5,Skriftlig,intern censur,Spring 2019,2019-02-01,2019-05-03,1
STNR013245,2346,DISTRIBUEREDE OG PARALLELLE SYSTEMER,7,7-trinsskala,5,Skriftlig,ekstern censur,Spring 2019,2019-02-01,2019-05-03,1
STNR013245,2450,INTRODUKTION TIL MACHINE LEARNING OG DATA MINING,4,7-trinsskala,5,Skriftlig,ekstern censur,Spring 2019,2019-02-01,2019-05-03,1
STNR013245,62410,CDIO-PROJEKT,7,7-trinsskala,10,Mundtlig,intern censur,Spring 2019,2019-02-01,2019-05-03,1
STNR013245,62413,AVANCERET OBJEKTORIENTERET PROGRAMMERING MED C# OG .NET,7,7-trinsskala,5,Mundtlig,intern censur,Spring 2019,2019-02-01,2019-05-03,1
STNR013245,2332,COMPILERTEKNIK,10,7-trinsskala,5,Skriftlig,intern censur,Fall 2019,2019-08-01,2019-10-31,1
STNR013245,62530,NETVAERKSSIKKERHED,4,7-trinsskala,5,Skriftlig,intern censur,Fall 2019,2019-08-01,2019-10-31,1
STNR013245,62550,BRUGERINTERAKTION OG UDVIKLING PA MOBILE ENHEDER,7,7-trinsskala,10,Skriftlig,ekstern censur,Fall 2019,2019-08-01,2019-10-31,1
STNR013245,62588,OPERATIVSYSTEMER,7,7-trinsskala,5,Skriftlig,ekstern censur,Fall 2019,2019-08-01,2019-10-31,1
STNR013245,62598,KUNSTIG INTELLIGENS I COMPUTERSPIL,12,7-trinsskala,5,Skriftlig,intern censur,Fall 2019,2019-08-01,2019-10-31,1
STNR013245,PRA62-30,INGENIORPRAKTIK,BE,bestået/ikke bestået,30,Praktik,intern censur,Spring 2020,2020-02-01,2020-05-02,1
STNR013245,2267,SOFTWAREUDVIKLING AF WEBTJENESTER,4,7-trinsskala,5,Skriftlig,intern censur,Fall 2020,2020-08-01,2020-10-31,1
STNR013245,2823,COMPUTERSPILPROTOTYPER,10,7-trinsskala,5,Skriftlig,intern censur,Fall 2020,2020-08-01,2020-10-31,1
STNR013245,62416,VIDEREGAENDE MOBILAPPLIKATIONSUDVIKLING,10,7-trinsskala,5,Mundtlig,intern censur,Fall 2020,2020-08-01,2020-10-31,1
STNR013245,62999,INNOVATION PILOT,10,7-trinsskala,10,Afløsningsopgave,intern censur,Fall 2020,2020-08-01,2020-10-31,1
STNR013245,2456,DYB LAERING,7,7-trinsskala,5,Skriftlig,ekstern censur,Fall 2021,2021-08-01,2021-10-31,1
STNR013245,DE62-20,INSTITUT FOR INGENIORTEKNOLOGI OG -DIDAKTIK,10,7-trinsskala,20,Projekt,ekstern censur,Fall 2021,2021-08-01,2021-10-31,1
STNR013328,2313,UDVIKLINGSMETODER TIL IT-SYSTEMER,10,7-trinsskala,5,Skriftlig,ekstern censur,Fall 2017,2017-08-01,2017-10-31,1
STNR013328,2315,VERSIONSSTYRING OG TESTMETODER,10,7-trinsskala,5,Afløsningsopgave,ekstern censur,Fall 2017,2017-08-01,2017-10-31,1
STNR013328,2324,VIDEREGAENDE PROGRAMMERING,10,7-trinsskala,10,Skriftlig,ekstern censur,Spring 2018,2018-02-01,2018-05-03,1
STNR013328,2326,ALGORITMER OG DATASTRUKTURER,4,7-trinsskala,5,Skriftlig,ekstern censur,Spring 2018,2018-02-01,2018-05-03,1
STNR013328,2327,INDLEDENDE DATABASER OG DATABASEPROGRAMMERING,7,7-trinsskala,5,Afløsningsopgave,intern censur,Spring 2018,2018-02-01,2018-05-03,1
STNR013328,62409,C PROGRAMMERING FOR JAVA PROGRAMMORER,4,7-trinsskala,5,Mundtlig,intern censur,Spring 2018,2018-02-01,2018-05-03,1
STNR013328,62577,DATAKOMMUNIKATION,10,7-trinsskala,5,Afløsningsopgave,ekstern censur,"Spring 2018, Spring 2018",2018-02-01,2018-08-02,2
STNR013328,1901,BASISMAT - INDLEDENDE MATEMATIK FOR DIPLOMINGENIORER,4,7-trinsskala,5,Afløsningsopgave,intern censur,Fall 2018,2018-08-01,2018-10-31,1
STNR013328,1904,DISKRET MATEMATIK,2,7-trinsskala,5,Skriftlig,intern censur,Fall 2018,2018-08-01,2018-10-31,1
STNR013328,2312,INDLEDENDE PROGRAMMERING,10,7-trinsskala,10,Mundtlig,ekstern censur,Fall 2018,2018-08-01,2018-10-31,1
STNR013328,2323,INTRODUKTION TIL STATISTIK,4,7-trinsskala,5,Skriftlig,ekstern censur,Fall 2018,2018-08-01,2018-10-31,1
STNR013328,2369,SOFTWARE PROCESSER OG MONSTRE,7,7-trinsskala,5,Afløsningsopgave,ekstern censur,Fall 2018,2018-08-01,2018-10-31,1
STNR013328,1920,BASISMAT 2 - VIDEREGAENDE MATEMATIK FOR DIPLOMINGENIORER,10,7-trinsskala,5,Skriftlig,intern censur,Spring 2019,2019-02-01,2019-05-03,1
STNR013328,2346,DISTRIBUEREDE OG PARALLELLE SYSTEMER,7,7-trinsskala,5,Skriftlig,ekstern censur,Spring 2019,2019-02-01,2019-05-03,1
STNR013328,62410,CDIO-PROJEKT,7,7-trinsskala,10,Mundtlig,intern censur,Spring 2019,2019-02-01,2019-05-03,1
STNR013328,62413,AVANCERET OBJEKTORIENTERET PROGRAMMERING MED C# OG .NET,7,7-trinsskala,5,Mundtlig,intern censur,Spring 2019,2019-02-01,2019-05-03,1
STNR013328,42415,TEKNISK OKONOMI,4,7-trinsskala,5,Skriftlig,intern censur,"Spring 2019, Spring 2021",2019-02-01,2019-08-02,2
STNR013328,2332,COMPILERTEKNIK,10,7-trinsskala,5,Skriftlig,intern censur,Fall 2019,2019-08-01,2019-10-31,1
STNR013328,62530,NETVAERKSSIKKERHED,10,7-trinsskala,5,Skriftlig,intern censur,Fall 2019,2019-08-01,2019-10-31,1
STNR013328,62550,BRUGERINTERAKTION OG UDVIKLING PA MOBILE ENHEDER,7,7-trinsskala,10,Skriftlig,ekstern censur,Fall 2019,2019-08-01,2019-10-31,1
STNR013328,62588,OPERATIVSYSTEMER,7,7-trinsskala,5,Skriftlig,ekstern censur,Fall 2019,2019-08-01,2019-10-31,1
STNR013328,62598,KUNSTIG INTELLIGENS I COMPUTERSPIL,12,7-trinsskala,5,Skriftlig,intern censur,Fall 2019,2019-08-01,2019-10-31,1
STNR013328,PRA62-30,INGENIORPRAKTIK,BE,bestået/ikke bestået,30,Praktik,intern censur,Spring 2020,2020-02-01,2020-05-02,1
STNR013328,2267,SOFTWAREUDVIKLING AF WEBTJENESTER,4,7-trinsskala,5,Skriftlig,intern censur,Fall 2020,2020-08-01,2020-10-31,1
STNR013328,62416,VIDEREGAENDE MOBILAPPLIKATIONSUDVIKLING,10,7-trinsskala,5,Mundtlig,intern censur,Fall 2020,2020-08-01,2020-10-31,1
STNR013328,62527,BIG DATA,7,7-trinsskala,5,Skriftlig,ekstern censur,Fall 2020,2020-08-01,2020-10-31,1
STNR013328,DE62-20,INSTITUT FOR INGENIORTEKNOLOGI OG -DIDAKTIK,12,7-trinsskala,20,Projekt,ekstern censur,Spring 2021,2021-02-01,2021-05-03,1
STNR013328,2456,DYB LAERING,7,7-trinsskala,5,Skriftlig,ekstern censur,Fall 2021,2021-08-01,2021-10-31,1
STNR013328,62999,INNOVATION PILOT,7,7-trinsskala,10,Afløsningsopgave,intern censur,Fall 2021,2021-08-01,2021-10-31,1
STNR013343,2313,UDVIKLINGSMETODER TIL IT-SYSTEMER,10,7-trinsskala,5,Skriftlig,ekstern censur,Fall 2017,2017-08-01,2017-10-31,1
STNR013343,2315,VERSIONSSTYRING OG TESTMETODER,10,7-trinsskala,5,Afløsningsopgave,ekstern censur,Fall 2017,2017-08-01,2017-10-31,1
STNR013343,2324,VIDEREGAENDE PROGRAMMERING,10,7-trinsskala,10,Skriftlig,ekstern censur,Spring 2018,2018-02-01,2018-05-03,1
STNR013343,2327,INDLEDENDE DATABASER OG DATABASEPROGRAMMERING,7,7-trinsskala,5,Afløsningsopgave,intern censur,Spring 2018,2018-02-01,2018-05-03,1
STNR013343,62409,C PROGRAMMERING FOR JAVA PROGRAMMORER,4,7-trinsskala,5,Mundtlig,intern censur,Spring 2018,2018-02-01,2018-05-03,1
STNR013343,62577,DATAKOMMUNIKATION,4,7-trinsskala,5,Afløsningsopgave,ekstern censur,Spring 2018,2018-02-01,2018-05-03,1
STNR013343,1901,BASISMAT - INDLEDENDE MATEMATIK FOR DIPLOMINGENIORER,0,7-trinsskala,5,Afløsningsopgave,intern censur,"Spring 2018, Fall 2018",2018-02-01,2018-08-02,2
STNR013343,1904,DISKRET MATEMATIK,7,7-trinsskala,5,Skriftlig,intern censur,Fall 2018,2018-08-01,2018-10-31,1
STNR013343,2312,INDLEDENDE PROGRAMMERING,10,7-trinsskala,10,Mundtlig,ekstern censur,Fall 2018,2018-08-01,2018-10-31,1
STNR013343,2369,SOFTWARE PROCESSER OG MONSTRE,12,7-trinsskala,5,Afløsningsopgave,ekstern censur,Fall 2018,2018-08-01,2018-10-31,1
STNR013343,2323,INTRODUKTION TIL STATISTIK,0,7-trinsskala,5,Skriftlig,ekstern censur,"Spring 2019, Fall 2018",2018-08-01,2019-01-30,2
STNR013343,2326,ALGORITMER OG DATASTRUKTURER,0,7-trinsskala,5,Skriftlig,ekstern censur,"Spring 2020, Spring 2019, Spring 2019, Spring 2018, Spring 2018",2018-02-01,2019-05-02,5
STNR013343,62410,CDIO-PROJEKT,10,7-trinsskala,10,Mundtlig,intern censur,Spring 2019,2019-02-01,2019-05-03,1
STNR013343,62413,AVANCERET OBJEKTORIENTERET PROGRAMMERING MED C# OG .NET,12,7-trinsskala,5,Mundtlig,intern censur,Spring 2019,2019-02-01,2019-05-03,1
STNR013343,62417,MOBIL APPLIKATIONSUDVIKLING MED SWIFT,10,7-trinsskala,5,Mundtlig,intern censur,Spring 2019,2019-02-01,2019-05-03,1
STNR013343,2332,COMPILERTEKNIK,7,7-trinsskala,5,Skriftlig,intern censur,Fall 2019,2019-08-01,2019-10-31,1
STNR013343,42922,LEDELSE OG ORGANISATION,7,7-trinsskala,5,Skriftlig,ekstern censur,Fall 2019,2019-08-01,2019-10-31,1
STNR013343,62550,BRUGERINTERAKTION OG UDVIKLING PA MOBILE ENHEDER,10,7-trinsskala,10,Skriftlig,ekstern censur,Fall 2019,2019-08-01,2019-10-31,1
STNR013343,62588,OPERATIVSYSTEMER,2,7-trinsskala,5,Skriftlig,ekstern censur,Fall 2019,2019-08-01,2019-10-31,1
STNR013343,S62-05-1,SPECIALKURSUS VED INSTITUT FOR INGENIORTEKNOLOGI OG -DIDAKTIK,BE,7-trinsskala,5,Projekt,intern censur,Fall 2019,2019-08-01,2019-10-31,1
STNR013343,1920,BASISMAT 2 - VIDEREGAENDE MATEMATIK FOR DIPLOMINGENIORER,4,7-trinsskala,5,Skriftlig,intern censur,"Spring 2019, Fall 2020, Spring 2021",2019-02-01,2019-11-01,3
STNR013343,2346,DISTRIBUEREDE OG PARALLELLE SYSTEMER,7,7-trinsskala,5,Skriftlig,ekstern censur,"Spring 2019, Spring 2020, Spring 2020",2019-02-01,2019-11-01,3
STNR013343,62238,FORRETNINGSINNOVATION,12,7-trinsskala,5,Skriftlig,intern censur,Spring 2020,2020-02-01,2020-05-02,1
STNR013343,62618,OKONOMI,10,bestået/ikke bestået,5,Skriftlig,intern censur,Spring 2020,2020-02-01,2020-05-02,1
STNR013343,62999,INNOVATION PILOT,7,7-trinsskala,10,Afløsningsopgave,intern censur,Spring 2020,2020-02-01,2020-05-02,1
STNR013343,42415,TEKNISK OKONOMI,0,7-trinsskala,5,Skriftlig,intern censur,"Fall 2020, Spring 2020, Spring 2021, Spring 2021",2020-02-01,2021-01-30,4
STNR013343,42101,INTRODUKTION TIL OPERATIONSANALYSE,2,7-trinsskala,5,Skriftlig,ekstern censur,Spring 2021,2021-02-01,2021-05-03,1
STNR013343,DE62-20,INSTITUT FOR INGENIORTEKNOLOGI OG -DIDAKTIK,7,7-trinsskala,20,Projekt,ekstern censur,Spring 2021,2021-02-01,2021-05-03,1
STNR013343,PRA62-30,INGENIORPRAKTIK,BE,bestået/ikke bestået,30,Praktik,intern censur,Fall 2021,2021-08-01,2021-10-31,1
STNR013345,2313,UDVIKLINGSMETODER TIL IT-SYSTEMER,7,7-trinsskala,5,Skriftlig,ekstern censur,Fall 2017,2017-08-01,2017-10-31,1
STNR013345,2315,VERSIONSSTYRING OG TESTMETODER,4,7-trinsskala,5,Afløsningsopgave,ekstern censur,Fall 2017,2017-08-01,2017-10-31,1
STNR013345,2324,VIDEREGAENDE PROGRAMMERING,7,7-trinsskala,10,Skriftlig,ekstern censur,Spring 2018,2018-02-01,2018-05-03,1
STNR013345,2326,ALGORITMER OG DATASTRUKTURER,2,7-trinsskala,5,Skriftlig,ekstern censur,Spring 2018,2018-02-01,2018-05-03,1
STNR013345,2327,INDLEDENDE DATABASER OG DATABASEPROGRAMMERING,4,7-trinsskala,5,Afløsningsopgave,intern censur,Spring 2018,2018-02-01,2018-05-03,1
STNR013345,62409,C PROGRAMMERING FOR JAVA PROGRAMMORER,7,7-trinsskala,5,Mundtlig,intern censur,Spring 2018,2018-02-01,2018-05-03,1
STNR013345,62577,DATAKOMMUNIKATION,7,7-trinsskala,5,Afløsningsopgave,ekstern censur,"Spring 2018, Spring 2018",2018-02-01,2018-08-02,2
STNR013345,1901,BASISMAT - INDLEDENDE MATEMATIK FOR DIPLOMINGENIORER,4,7-trinsskala,5,Afløsningsopgave,intern censur,Fall 2018,2018-08-01,2018-10-31,1
STNR013345,1904,DISKRET MATEMATIK,4,7-trinsskala,5,Skriftlig,intern censur,Fall 2018,2018-08-01,2018-10-31,1
STNR013345,2312,INDLEDENDE PROGRAMMERING,10,7-trinsskala,10,Mundtlig,ekstern censur,Fall 2018,2018-08-01,2018-10-31,1
STNR013345,2369,SOFTWARE PROCESSER OG MONSTRE,10,7-trinsskala,5,Afløsningsopgave,ekstern censur,Fall 2018,2018-08-01,2018-10-31,1
STNR013345,2323,INTRODUKTION TIL STATISTIK,2,7-trinsskala,5,Skriftlig,ekstern censur,"Fall 2018, Fall 2019, Fall 2020",2018-08-01,2019-05-01,3
STNR013345,1920,BASISMAT 2 - VIDEREGAENDE MATEMATIK FOR DIPLOMINGENIORER,4,7-trinsskala,5,Skriftlig,intern censur,Spring 2019,2019-02-01,2019-05-03,1
STNR013345,2346,DISTRIBUEREDE OG PARALLELLE SYSTEMER,7,7-trinsskala,5,Skriftlig,ekstern censur,Spring 2019,2019-02-01,2019-05-03,1
STNR013345,62410,CDIO-PROJEKT,12,7-trinsskala,10,Mundtlig,intern censur,Spring 2019,2019-02-01,2019-05-03,1
STNR013345,62413,AVANCERET OBJEKTORIENTERET PROGRAMMERING MED C# OG .NET,4,7-trinsskala,5,Mundtlig,intern censur,Spring 2019,2019-02-01,2019-05-03,1
STNR013345,2332,COMPILERTEKNIK,0,7-trinsskala,5,Skriftlig,intern censur,"Spring 2019, Fall 2019",2019-02-01,2019-08-02,2
STNR013345,42415,TEKNISK OKONOMI,2,7-trinsskala,5,Skriftlig,intern censur,"Spring 2019, Spring 2019",2019-02-01,2019-08-02,2
STNR013345,62588,OPERATIVSYSTEMER,7,7-trinsskala,5,Skriftlig,ekstern censur,"Fall 2019, Spring 2019",2019-02-01,2019-08-02,2
STNR013345,62417,MOBIL APPLIKATIONSUDVIKLING MED SWIFT,2,7-trinsskala,5,Mundtlig,intern censur,Fall 2019,2019-08-01,2019-10-31,1
STNR013345,62550,BRUGERINTERAKTION OG UDVIKLING PA MOBILE ENHEDER,10,7-trinsskala,10,Skriftlig,ekstern censur,Fall 2019,2019-08-01,2019-10-31,1
STNR013345,S62-05-1,SPECIALKURSUS VED INSTITUT FOR INGENIORTEKNOLOGI OG -DIDAKTIK,BE,7-trinsskala,5,Projekt,intern censur,Fall 2019,2019-08-01,2019-10-31,1
STNR013345,PRA62-30,INGENIORPRAKTIK,BE,bestået/ikke bestået,30,Praktik,intern censur,Spring 2020,2020-02-01,2020-05-02,1
STNR013345,2266,USER EXPERIENCE ENGINEERING,12,7-trinsskala,5,Skriftlig,intern censur,Fall 2020,2020-08-01,2020-10-31,1
STNR013345,62618,OKONOMI,7,bestået/ikke bestået,5,Skriftlig,intern censur,Fall 2020,2020-08-01,2020-10-31,1
STNR013345,DE01-20,INSTITUT FOR MATEMATIK OG COMPUTER SCIENCE,12,7-trinsskala,20,Projekt,ekstern censur,Spring 2021,2021-02-01,2021-05-03,1
STNR013345,2809,UX DESIGN PROTOTYPEUDVIKLING,10,7-trinsskala,5,Afløsningsopgave,ekstern censur,Fall 2021,2021-08-01,2021-10-31,1
STNR013345,42430,PROJEKTLEDELSE,10,7-trinsskala,5,Mundtlig,ekstern censur,Fall 2021,2021-08-01,2021-10-31,1
STNR013345,62999,INNOVATION PILOT,12,7-trinsskala,10,Afløsningsopgave,intern censur,Fall 2021,2021-08-01,2021-10-31,1
STNR014237,2313,UDVIKLINGSMETODER TIL IT-SYSTEMER,2,7-trinsskala,5,Skriftlig,ekstern censur,Fall 2018,2018-08-01,2018-10-31,1
STNR014237,2315,VERSIONSSTYRING OG TESTMETODER,2,7-trinsskala,5,Afløsningsopgave,ekstern censur,Fall 2018,2018-08-01,2018-10-31,1
STNR014237,2324,VIDEREGAENDE PROGRAMMERING,10,7-trinsskala,10,Skriftlig,ekstern censur,Spring 2019,2019-02-01,2019-05-03,1
STNR014237,2326,ALGORITMER OG DATASTRUKTURER,4,7-trinsskala,5,Skriftlig,ekstern censur,Spring 2019,2019-02-01,2019-05-03,1
STNR014237,2327,INDLEDENDE DATABASER OG DATABASEPROGRAMMERING,0,7-trinsskala,5,Afløsningsopgave,intern censur,Spring 2019,2019-02-01,2019-05-03,1
STNR014237,62409,C PROGRAMMERING FOR JAVA PROGRAMMORER,2,7-trinsskala,5,Mundtlig,intern censur,Spring 2019,2019-02-01,2019-05-03,1
STNR014237,62577,DATAKOMMUNIKATION,7,7-trinsskala,5,Afløsningsopgave,ekstern censur,"Spring 2019, Spring 2021",2019-02-01,2019-08-02,2
STNR014237,1901,BASISMAT - INDLEDENDE MATEMATIK FOR DIPLOMINGENIORER,7,7-trinsskala,5,Afløsningsopgave,intern censur,Fall 2019,2019-08-01,2019-10-31,1
STNR014237,1904,DISKRET MATEMATIK,4,7-trinsskala,5,Skriftlig,intern censur,Fall 2019,2019-08-01,2019-10-31,1
STNR014237,2312,INDLEDENDE PROGRAMMERING,7,7-trinsskala,10,Mundtlig,ekstern censur,Fall 2019,2019-08-01,2019-10-31,1
STNR014237,2369,SOFTWARE PROCESSER OG MONSTRE,BE,7-trinsskala,5,Afløsningsopgave,ekstern censur,Fall 2019,2019-08-01,2019-10-31,1
STNR014237,2323,INTRODUKTION TIL STATISTIK,4,7-trinsskala,5,Skriftlig,ekstern censur,"Fall 2019, Spring 2021",2019-08-01,2020-01-30,2
STNR014237,2346,DISTRIBUEREDE OG PARALLELLE SYSTEMER,IG,7-trinsskala,5,Skriftlig,ekstern censur,Spring 2020,2020-02-01,2020-05-02,1
STNR014237,62410,CDIO-PROJEKT,4,7-trinsskala,10,Mundtlig,intern censur,Spring 2020,2020-02-01,2020-05-02,1
STNR014237,62413,AVANCERET OBJEKTORIENTERET PROGRAMMERING MED C# OG .NET,10,7-trinsskala,5,Mundtlig,intern censur,Spring 2020,2020-02-01,2020-05-02,1
STNR014237,1920,BASISMAT 2 - VIDEREGAENDE MATEMATIK FOR DIPLOMINGENIORER,4,7-trinsskala,5,Skriftlig,intern censur,"Spring 2020, Spring 2021",2020-02-01,2020-08-01,2
STNR014237,62618,OKONOMI,10,bestået/ikke bestået,5,Skriftlig,intern censur,"Spring 2020, Fall 2020",2020-02-01,2020-08-01,2
STNR014237,2332,COMPILERTEKNIK,4,7-trinsskala,5,Skriftlig,intern censur,Fall 2020,2020-08-01,2020-10-31,1
STNR014237,62550,BRUGERINTERAKTION OG UDVIKLING PA MOBILE ENHEDER,7,7-trinsskala,10,Skriftlig,ekstern censur,Fall 2020,2020-08-01,2020-10-31,1
STNR014237,62589,BUSINESS INTELLIGENCE,7,7-trinsskala,5,Skriftlig,ekstern censur,Fall 2020,2020-08-01,2020-10-31,1
STNR014237,62588,OPERATIVSYSTEMER,2,7-trinsskala,5,Skriftlig,ekstern censur,"Fall 2020, Fall 2020",2020-08-01,2021-01-30,2
STNR014237,42430,PROJEKTLEDELSE,7,7-trinsskala,5,Mundtlig,ekstern censur,Fall 2021,2021-08-01,2021-10-31,1
STNR014237,42611,INGENIORFAGETS VIDENSKABSTEORI (AUGUST),BE,7-trinsskala,5,Afløsningsopgave,intern censur,Fall 2021,2021-08-01,2021-10-31,1
STNR014237,62999,INNOVATION PILOT,2,7-trinsskala,10,Afløsningsopgave,intern censur,Fall 2021,2021-08-01,2021-10-31,1
STNR014238,2313,UDVIKLINGSMETODER TIL IT-SYSTEMER,7,7-trinsskala,5,Skriftlig,ekstern censur,Fall 2018,2018-08-01,2018-10-31,1
STNR014238,2315,VERSIONSSTYRING OG TESTMETODER,7,7-trinsskala,5,Afløsningsopgave,ekstern censur,Fall 2018,2018-08-01,2018-10-31,1
STNR014238,2324,VIDEREGAENDE PROGRAMMERING,10,7-trinsskala,10,Skriftlig,ekstern censur,Spring 2019,2019-02-01,2019-05-03,1
STNR014238,2327,INDLEDENDE DATABASER OG DATABASEPROGRAMMERING,7,7-trinsskala,5,Afløsningsopgave,intern censur,Spring 2019,2019-02-01,2019-05-03,1
STNR014238,62409,C PROGRAMMERING FOR JAVA PROGRAMMORER,10,7-trinsskala,5,Mundtlig,intern censur,Spring 2019,2019-02-01,2019-05-03,1
STNR014238,62577,DATAKOMMUNIKATION,7,7-trinsskala,5,Afløsningsopgave,ekstern censur,Spring 2019,2019-02-01,2019-05-03,1
STNR014238,1901,BASISMAT - INDLEDENDE MATEMATIK FOR DIPLOMINGENIORER,0,7-trinsskala,5,Afløsningsopgave,intern censur,"Spring 2019, Fall 2019",2019-02-01,2019-08-02,2
STNR014238,1904,DISKRET MATEMATIK,7,7-trinsskala,5,Skriftlig,intern censur,Fall 2019,2019-08-01,2019-10-31,1
STNR014238,2312,INDLEDENDE PROGRAMMERING,4,7-trinsskala,10,Mundtlig,ekstern censur,Fall 2019,2019-08-01,2019-10-31,1
STNR014238,2323,INTRODUKTION TIL STATISTIK,4,7-trinsskala,5,Skriftlig,ekstern censur,Fall 2019,2019-08-01,2019-10-31,1
STNR014238,2369,SOFTWARE PROCESSER OG MONSTRE,BE,7-trinsskala,5,Afløsningsopgave,ekstern censur,Fall 2019,2019-08-01,2019-10-31,1
STNR014238,2326,ALGORITMER OG DATASTRUKTURER,2,7-trinsskala,5,Skriftlig,ekstern censur,"Spring 2019, Spring 2019, Spring 2021",2019-02-01,2019-11-01,3
STNR014238,1920,BASISMAT 2 - VIDEREGAENDE MATEMATIK FOR DIPLOMINGENIORER,2,7-trinsskala,5,Skriftlig,intern censur,Spring 2020,2020-02-01,2020-05-02,1
STNR014238,2346,DISTRIBUEREDE OG PARALLELLE SYSTEMER,2,7-trinsskala,5,Skriftlig,ekstern censur,Spring 2020,2020-02-01,2020-05-02,1
STNR014238,62410,CDIO-PROJEKT,12,7-trinsskala,10,Mundtlig,intern censur,Spring 2020,2020-02-01,2020-05-02,1
STNR014238,62597,"BACKENDUDVIKLING, DRIFT OG DISTRIBUEREDE SYSTEMER",7,7-trinsskala,5,Skriftlig,intern censur,Spring 2020,2020-02-01,2020-05-02,1
STNR014238,2332,COMPILERTEKNIK,12,7-trinsskala,5,Skriftlig,intern censur,Fall 2020,2020-08-01,2020-10-31,1
STNR014238,62550,BRUGERINTERAKTION OG UDVIKLING PA MOBILE ENHEDER,12,7-trinsskala,10,Skriftlig,ekstern censur,Fall 2020,2020-08-01,2020-10-31,1
STNR014238,62588,OPERATIVSYSTEMER,4,7-trinsskala,5,Skriftlig,ekstern censur,Fall 2020,2020-08-01,2020-10-31,1
STNR014238,62589,BUSINESS INTELLIGENCE,7,7-trinsskala,5,Skriftlig,ekstern censur,Fall 2020,2020-08-01,2020-10-31,1
STNR014238,62618,OKONOMI,7,bestået/ikke bestået,5,Skriftlig,intern censur,Fall 2020,2020-08-01,2020-10-31,1
STNR014238,2193,ETISK HACKING,10,7-trinsskala,5,Afløsningsopgave,intern censur,Spring 2021,2021-02-01,2021-05-03,1
STNR014238,62413,AVANCERET OBJEKTORIENTERET PROGRAMMERING MED C# OG .NET,12,7-trinsskala,5,Mundtlig,intern censur,Spring 2021,2021-02-01,2021-05-03,1
STNR014238,2809,UX DESIGN PROTOTYPEUDVIKLING,7,7-trinsskala,5,Afløsningsopgave,ekstern censur,Fall 2021,2021-08-01,2021-10-31,1
STNR014238,42430,PROJEKTLEDELSE,12,7-trinsskala,5,Mundtlig,ekstern censur,Fall 2021,2021-08-01,2021-10-31,1
STNR014238,62999,INNOVATION PILOT,7,7-trinsskala,10,Afløsningsopgave,intern censur,Fall 2021,2021-08-01,2021-10-31,1
STNR014240,2313,UDVIKLINGSMETODER TIL IT-SYSTEMER,7,7-trinsskala,5,Skriftlig,ekstern censur,Fall 2018,2018-08-01,2018-10-31,1
STNR014240,2315,VERSIONSSTYRING OG TESTMETODER,7,7-trinsskala,5,Afløsningsopgave,ekstern censur,Fall 2018,2018-08-01,2018-10-31,1
STNR014240,2324,VIDEREGAENDE PROGRAMMERING,10,7-trinsskala,10,Skriftlig,ekstern censur,Spring 2019,2019-02-01,2019-05-03,1
STNR014240,2327,INDLEDENDE DATABASER OG DATABASEPROGRAMMERING,4,7-trinsskala,5,Afløsningsopgave,intern censur,Spring 2019,2019-02-01,2019-05-03,1
STNR014240,62409,C PROGRAMMERING FOR JAVA PROGRAMMORER,4,7-trinsskala,5,Mundtlig,intern censur,Spring 2019,2019-02-01,2019-05-03,1
STNR014240,1920,BASISMAT 2 - VIDEREGAENDE MATEMATIK FOR DIPLOMINGENIORER,-3,7-trinsskala,5,Skriftlig,intern censur,"Spring 2020, Spring 2019",2019-02-01,2019-08-02,2
STNR014240,2326,ALGORITMER OG DATASTRUKTURER,0,7-trinsskala,5,Skriftlig,ekstern censur,"Spring 2020, Spring 2019",2019-02-01,2019-08-02,2
STNR014240,62577,DATAKOMMUNIKATION,10,7-trinsskala,5,Afløsningsopgave,ekstern censur,"Spring 2019, Spring 2021",2019-02-01,2019-08-02,2
STNR014240,1901,BASISMAT - INDLEDENDE MATEMATIK FOR DIPLOMINGENIORER,7,7-trinsskala,5,Afløsningsopgave,intern censur,Fall 2019,2019-08-01,2019-10-31,1
STNR014240,1904,DISKRET MATEMATIK,4,7-trinsskala,5,Skriftlig,intern censur,Fall 2019,2019-08-01,2019-10-31,1
STNR014240,2312,INDLEDENDE PROGRAMMERING,12,7-trinsskala,10,Mundtlig,ekstern censur,Fall 2019,2019-08-01,2019-10-31,1
STNR014240,2323,INTRODUKTION TIL STATISTIK,7,7-trinsskala,5,Skriftlig,ekstern censur,Fall 2019,2019-08-01,2019-10-31,1
STNR014240,2369,SOFTWARE PROCESSER OG MONSTRE,BE,7-trinsskala,5,Afløsningsopgave,ekstern censur,Fall 2019,2019-08-01,2019-10-31,1
STNR014240,2346,DISTRIBUEREDE OG PARALLELLE SYSTEMER,7,7-trinsskala,5,Skriftlig,ekstern censur,Spring 2020,2020-02-01,2020-05-02,1
STNR014240,42430,PROJEKTLEDELSE,7,7-trinsskala,5,Afløsningsopgave,ekstern censur,Spring 2020,2020-02-01,2020-05-02,1
STNR014240,62410,CDIO-PROJEKT,4,7-trinsskala,10,Mundtlig,intern censur,Spring 2020,2020-02-01,2020-05-02,1
STNR014240,62413,AVANCERET OBJEKTORIENTERET PROGRAMMERING MED C# OG .NET,7,7-trinsskala,5,Mundtlig,intern censur,Spring 2020,2020-02-01,2020-05-02,1
STNR014240,2332,COMPILERTEKNIK,7,7-trinsskala,5,Skriftlig,intern censur,Fall 2020,2020-08-01,2020-10-31,1
STNR014240,62550,BRUGERINTERAKTION OG UDVIKLING PA MOBILE ENHEDER,10,7-trinsskala,10,Skriftlig,ekstern censur,Fall 2020,2020-08-01,2020-10-31,1
STNR014240,62589,BUSINESS INTELLIGENCE,7,7-trinsskala,5,Skriftlig,ekstern censur,Fall 2020,2020-08-01,2020-10-31,1
STNR014240,62618,OKONOMI,10,bestået/ikke bestået,5,Skriftlig,intern censur,Fall 2020,2020-08-01,2020-10-31,1
STNR014240,62588,OPERATIVSYSTEMER,10,7-trinsskala,5,Skriftlig,ekstern censur,"Fall 2020, Fall 2020",2020-08-01,2021-01-30,2
STNR014240,PRA62-30,INGENIORPRAKTIK,BE,bestået/ikke bestået,30,Praktik,intern censur,Spring 2021,2021-02-01,2021-05-03,1
STNR014240,42611,INGENIORFAGETS VIDENSKABSTEORI (AUGUST),BE,7-trinsskala,5,Afløsningsopgave,intern censur,Fall 2021,2021-08-01,2021-10-31,1
STNR014240,62999,INNOVATION PILOT,2,7-trinsskala,10,Afløsningsopgave,intern censur,Fall 2021,2021-08-01,2021-10-31,1
STNR014241,2313,UDVIKLINGSMETODER TIL IT-SYSTEMER,7,7-trinsskala,5,Skriftlig,ekstern censur,Fall 2018,2018-08-01,2018-10-31,1
STNR014241,2315,VERSIONSSTYRING OG TESTMETODER,10,7-trinsskala,5,Afløsningsopgave,ekstern censur,Fall 2018,2018-08-01,2018-10-31,1
STNR014241,2324,VIDEREGAENDE PROGRAMMERING,10,7-trinsskala,10,Skriftlig,ekstern censur,Spring 2019,2019-02-01,2019-05-03,1
STNR014241,2327,INDLEDENDE DATABASER OG DATABASEPROGRAMMERING,7,7-trinsskala,5,Afløsningsopgave,intern censur,Spring 2019,2019-02-01,2019-05-03,1
STNR014241,62409,C PROGRAMMERING FOR JAVA PROGRAMMORER,2,7-trinsskala,5,Mundtlig,intern censur,Spring 2019,2019-02-01,2019-05-03,1
STNR014241,62577,DATAKOMMUNIKATION,12,7-trinsskala,5,Afløsningsopgave,ekstern censur,Spring 2019,2019-02-01,2019-05-03,1
STNR014241,1901,BASISMAT - INDLEDENDE MATEMATIK FOR DIPLOMINGENIORER,10,7-trinsskala,5,Afløsningsopgave,intern censur,Fall 2019,2019-08-01,2019-10-31,1
STNR014241,1904,DISKRET MATEMATIK,10,7-trinsskala,5,Skriftlig,intern censur,Fall 2019,2019-08-01,2019-10-31,1
STNR014241,2312,INDLEDENDE PROGRAMMERING,7,7-trinsskala,10,Mundtlig,ekstern censur,Fall 2019,2019-08-01,2019-10-31,1
STNR014241,2323,INTRODUKTION TIL STATISTIK,4,7-trinsskala,5,Skriftlig,ekstern censur,Fall 2019,2019-08-01,2019-10-31,1
STNR014241,2369,SOFTWARE PROCESSER OG MONSTRE,BE,7-trinsskala,5,Afløsningsopgave,ekstern censur,Fall 2019,2019-08-01,2019-10-31,1
STNR014241,2326,ALGORITMER OG DATASTRUKTURER,2,7-trinsskala,5,Skriftlig,ekstern censur,"Spring 2020, Spring 2019, Spring 2020",2019-02-01,2019-11-01,3
STNR014241,1920,BASISMAT 2 - VIDEREGAENDE MATEMATIK FOR DIPLOMINGENIORER,7,7-trinsskala,5,Skriftlig,intern censur,Spring 2020,2020-02-01,2020-05-02,1
STNR014241,2346,DISTRIBUEREDE OG PARALLELLE SYSTEMER,4,7-trinsskala,5,Skriftlig,ekstern censur,Spring 2020,2020-02-01,2020-05-02,1
STNR014241,62410,CDIO-PROJEKT,10,7-trinsskala,10,Mundtlig,intern censur,Spring 2020,2020-02-01,2020-05-02,1
STNR014241,62417,MOBIL APPLIKATIONSUDVIKLING MED SWIFT,10,7-trinsskala,5,Mundtlig,intern censur,Spring 2020,2020-02-01,2020-05-02,1
STNR014241,2332,COMPILERTEKNIK,7,7-trinsskala,5,Skriftlig,intern censur,Fall 2020,2020-08-01,2020-10-31,1
STNR014241,62530,NETVAERKSSIKKERHED,7,7-trinsskala,5,Skriftlig,intern censur,Fall 2020,2020-08-01,2020-10-31,1
STNR014241,62550,BRUGERINTERAKTION OG UDVIKLING PA MOBILE ENHEDER,10,7-trinsskala,10,Skriftlig,ekstern censur,Fall 2020,2020-08-01,2020-10-31,1
STNR014241,62588,OPERATIVSYSTEMER,7,7-trinsskala,5,Skriftlig,ekstern censur,Fall 2020,2020-08-01,2020-10-31,1
STNR014241,62618,OKONOMI,4,bestået/ikke bestået,5,Skriftlig,intern censur,Fall 2020,2020-08-01,2020-10-31,1
STNR014241,62413,AVANCERET OBJEKTORIENTERET PROGRAMMERING MED C# OG .NET,10,7-trinsskala,5,Mundtlig,intern censur,Spring 2021,2021-02-01,2021-05-03,1
STNR014241,62597,"BACKENDUDVIKLING, DRIFT OG DISTRIBUEREDE SYSTEMER",2,7-trinsskala,5,Skriftlig,intern censur,Spring 2021,2021-02-01,2021-05-03,1
STNR014241,62437,VIDEREGAENDE MOBILAPPLIKATIONSUDVIKLING MED PROJEKT,7,7-trinsskala,10,Afløsningsopgave,intern censur,Fall 2021,2021-08-01,2021-10-31,1
STNR014241,62999,INNOVATION PILOT,4,7-trinsskala,10,Afløsningsopgave,intern censur,Fall 2021,2021-08-01,2021-10-31,1
STNR014242,2313,UDVIKLINGSMETODER TIL IT-SYSTEMER,7,7-trinsskala,5,Skriftlig,ekstern censur,Fall 2018,2018-08-01,2018-10-31,1
STNR014242,2315,VERSIONSSTYRING OG TESTMETODER,10,7-trinsskala,5,Afløsningsopgave,ekstern censur,Fall 2018,2018-08-01,2018-10-31,1
STNR014242,2324,VIDEREGAENDE PROGRAMMERING,10,7-trinsskala,10,Skriftlig,ekstern censur,Spring 2019,2019-02-01,2019-05-03,1
STNR014242,2326,ALGORITMER OG DATASTRUKTURER,7,7-trinsskala,5,Skriftlig,ekstern censur,Spring 2019,2019-02-01,2019-05-03,1
STNR014242,2327,INDLEDENDE DATABASER OG DATABASEPROGRAMMERING,4,7-trinsskala,5,Afløsningsopgave,intern censur,Spring 2019,2019-02-01,2019-05-03,1
STNR014242,62409,C PROGRAMMERING FOR JAVA PROGRAMMORER,10,7-trinsskala,5,Mundtlig,intern censur,Spring 2019,2019-02-01,2019-05-03,1
STNR014242,62577,DATAKOMMUNIKATION,12,7-trinsskala,5,Afløsningsopgave,ekstern censur,"Spring 2019, Spring 2021",2019-02-01,2019-08-02,2
STNR014242,1901,BASISMAT - INDLEDENDE MATEMATIK FOR DIPLOMINGENIORER,10,7-trinsskala,5,Afløsningsopgave,intern censur,Fall 2019,2019-08-01,2019-10-31,1
STNR014242,1904,DISKRET MATEMATIK,10,7-trinsskala,5,Skriftlig,intern censur,Fall 2019,2019-08-01,2019-10-31,1
STNR014242,2312,INDLEDENDE PROGRAMMERING,12,7-trinsskala,10,Mundtlig,ekstern censur,Fall 2019,2019-08-01,2019-10-31,1
STNR014242,2323,INTRODUKTION TIL STATISTIK,7,7-trinsskala,5,Skriftlig,ekstern censur,Fall 2019,2019-08-01,2019-10-31,1
STNR014242,2369,SOFTWARE PROCESSER OG MONSTRE,BE,7-trinsskala,5,Afløsningsopgave,ekstern censur,Fall 2019,2019-08-01,2019-10-31,1
STNR014242,1920,BASISMAT 2 - VIDEREGAENDE MATEMATIK FOR DIPLOMINGENIORER,10,7-trinsskala,5,Skriftlig,intern censur,Spring 2020,2020-02-01,2020-05-02,1
STNR014242,2346,DISTRIBUEREDE OG PARALLELLE SYSTEMER,7,7-trinsskala,5,Skriftlig,ekstern censur,Spring 2020,2020-02-01,2020-05-02,1
STNR014242,42430,PROJEKTLEDELSE,7,7-trinsskala,5,Afløsningsopgave,ekstern censur,Spring 2020,2020-02-01,2020-05-02,1
STNR014242,62410,CDIO-PROJEKT,4,7-trinsskala,10,Mundtlig,intern censur,Spring 2020,2020-02-01,2020-05-02,1
STNR014242,62413,AVANCERET OBJEKTORIENTERET PROGRAMMERING MED C# OG .NET,10,7-trinsskala,5,Mundtlig,intern censur,Spring 2020,2020-02-01,2020-05-02,1
STNR014242,2332,COMPILERTEKNIK,12,7-trinsskala,5,Skriftlig,intern censur,Fall 2020,2020-08-01,2020-10-31,1
STNR014242,62550,BRUGERINTERAKTION OG UDVIKLING PA MOBILE ENHEDER,10,7-trinsskala,10,Skriftlig,ekstern censur,Fall 2020,2020-08-01,2020-10-31,1
STNR014242,62589,BUSINESS INTELLIGENCE,7,7-trinsskala,5,Skriftlig,ekstern censur,Fall 2020,2020-08-01,2020-10-31,1
STNR014242,62618,OKONOMI,10,bestået/ikke bestået,5,Skriftlig,intern censur,Fall 2020,2020-08-01,2020-10-31,1
STNR014242,62588,OPERATIVSYSTEMER,7,7-trinsskala,5,Skriftlig,ekstern censur,"Fall 2020, Fall 2020",2020-08-01,2021-01-30,2
STNR014242,PRA62-30,INGENIORPRAKTIK,BE,bestået/ikke bestået,30,Praktik,intern censur,Spring 2021,2021-02-01,2021-05-03,1
STNR014242,42611,INGENIORFAGETS VIDENSKABSTEORI (AUGUST),BE,7-trinsskala,5,Afløsningsopgave,intern censur,Fall 2021,2021-08-01,2021-10-31,1
STNR014242,62999,INNOVATION PILOT,2,7-trinsskala,10,Afløsningsopgave,intern censur,Fall 2021,2021-08-01,2021-10-31,1
STNR014243,2313,UDVIKLINGSMETODER TIL IT-SYSTEMER,12,7-trinsskala,5,Skriftlig,ekstern censur,Fall 2018,2018-08-01,2018-10-31,1
STNR014243,2315,VERSIONSSTYRING OG TESTMETODER,7,7-trinsskala,5,Afløsningsopgave,ekstern censur,Fall 2018,2018-08-01,2018-10-31,1
STNR014243,2324,VIDEREGAENDE PROGRAMMERING,12,7-trinsskala,10,Skriftlig,ekstern censur,Spring 2019,2019-02-01,2019-05-03,1
STNR014243,2326,ALGORITMER OG DATASTRUKTURER,7,7-trinsskala,5,Skriftlig,ekstern censur,Spring 2019,2019-02-01,2019-05-03,1
STNR014243,2327,INDLEDENDE DATABASER OG DATABASEPROGRAMMERING,4,7-trinsskala,5,Afløsningsopgave,intern censur,Spring 2019,2019-02-01,2019-05-03,1
STNR014243,62409,C PROGRAMMERING FOR JAVA PROGRAMMORER,10,7-trinsskala,5,Mundtlig,intern censur,Spring 2019,2019-02-01,2019-05-03,1
STNR014243,62577,DATAKOMMUNIKATION,10,7-trinsskala,5,Afløsningsopgave,ekstern censur,Spring 2019,2019-02-01,2019-05-03,1
STNR014243,1901,BASISMAT - INDLEDENDE MATEMATIK FOR DIPLOMINGENIORER,7,7-trinsskala,5,Afløsningsopgave,intern censur,Fall 2019,2019-08-01,2019-10-31,1
STNR014243,1904,DISKRET MATEMATIK,10,7-trinsskala,5,Skriftlig,intern censur,Fall 2019,2019-08-01,2019-10-31,1
STNR014243,2312,INDLEDENDE PROGRAMMERING,10,7-trinsskala,10,Mundtlig,ekstern censur,Fall 2019,2019-08-01,2019-10-31,1
STNR014243,2323,INTRODUKTION TIL STATISTIK,7,7-trinsskala,5,Skriftlig,ekstern censur,Fall 2019,2019-08-01,2019-10-31,1
STNR014243,2369,SOFTWARE PROCESSER OG MONSTRE,BE,7-trinsskala,5,Afløsningsopgave,ekstern censur,Fall 2019,2019-08-01,2019-10-31,1
STNR014243,2346,DISTRIBUEREDE OG PARALLELLE SYSTEMER,7,7-trinsskala,5,Skriftlig,ekstern censur,Spring 2020,2020-02-01,2020-05-02,1
STNR014243,62410,CDIO-PROJEKT,12,7-trinsskala,10,Mundtlig,intern censur,Spring 2020,2020-02-01,2020-05-02,1
STNR014243,62501,LINUX SERVER OG NETVAERK,10,7-trinsskala,5,Skriftlig,intern censur,Spring 2020,2020-02-01,2020-05-02,1
STNR014243,62597,"BACKENDUDVIKLING, DRIFT OG DISTRIBUEREDE SYSTEMER",7,7-trinsskala,5,Skriftlig,intern censur,Spring 2020,2020-02-01,2020-05-02,1
STNR014243,1920,BASISMAT 2 - VIDEREGAENDE MATEMATIK FOR DIPLOMINGENIORER,2,7-trinsskala,5,Skriftlig,intern censur,"Spring 2020, Spring 2020",2020-02-01,2020-08-01,2
STNR014243,2332,COMPILERTEKNIK,7,7-trinsskala,5,Skriftlig,intern censur,Fall 2020,2020-08-01,2020-10-31,1
STNR014243,62530,NETVAERKSSIKKERHED,10,7-trinsskala,5,Skriftlig,intern censur,Fall 2020,2020-08-01,2020-10-31,1
STNR014243,62550,BRUGERINTERAKTION OG UDVIKLING PA MOBILE ENHEDER,10,7-trinsskala,10,Skriftlig,ekstern censur,Fall 2020,2020-08-01,2020-10-31,1
STNR014243,62588,OPERATIVSYSTEMER,12,7-trinsskala,5,Skriftlig,ekstern censur,Fall 2020,2020-08-01,2020-10-31,1
STNR014243,62589,BUSINESS INTELLIGENCE,7,7-trinsskala,5,Skriftlig,ekstern censur,Fall 2020,2020-08-01,2020-10-31,1
STNR014243,62618,OKONOMI,7,bestået/ikke bestået,5,Skriftlig,intern censur,Fall 2020,2020-08-01,2020-10-31,1
STNR014243,42611,INGENIORFAGETS VIDENSKABSTEORI (AUGUST),BE,7-trinsskala,5,Afløsningsopgave,intern censur,Spring 2021,2021-02-01,2021-05-03,1
STNR014243,PRA62-30,INGENIORPRAKTIK,BE,bestået/ikke bestået,30,Praktik,intern censur,Spring 2021,2021-02-01,2021-05-03,1
STNR014243,2267,SOFTWAREUDVIKLING AF WEBTJENESTER,4,7-trinsskala,5,Skriftlig,intern censur,Fall 2021,2021-08-01,2021-10-31,1
STNR014243,62999,INNOVATION PILOT,7,7-trinsskala,10,Afløsningsopgave,intern censur,Fall 2021,2021-08-01,2021-10-31,1
STNR014252,2313,UDVIKLINGSMETODER TIL IT-SYSTEMER,2,7-trinsskala,5,Skriftlig,ekstern censur,Fall 2017,2017-08-01,2017-10-31,1
STNR014252,2315,VERSIONSSTYRING OG TESTMETODER,10,7-trinsskala,5,Afløsningsopgave,ekstern censur,Fall 2017,2017-08-01,2017-10-31,1
STNR014252,2324,VIDEREGAENDE PROGRAMMERING,10,7-trinsskala,10,Skriftlig,ekstern censur,Spring 2018,2018-02-01,2018-05-03,1
STNR014252,2327,INDLEDENDE DATABASER OG DATABASEPROGRAMMERING,7,7-trinsskala,5,Afløsningsopgave,intern censur,Spring 2018,2018-02-01,2018-05-03,1
STNR014252,62409,C PROGRAMMERING FOR JAVA PROGRAMMORER,7,7-trinsskala,5,Mundtlig,intern censur,Spring 2018,2018-02-01,2018-05-03,1
STNR014252,62577,DATAKOMMUNIKATION,4,7-trinsskala,5,Afløsningsopgave,ekstern censur,Spring 2018,2018-02-01,2018-05-03,1
STNR014252,2326,ALGORITMER OG DATASTRUKTURER,4,7-trinsskala,5,Skriftlig,ekstern censur,"Spring 2018, Spring 2019",2018-02-01,2018-08-02,2
STNR014252,1901,BASISMAT - INDLEDENDE MATEMATIK FOR DIPLOMINGENIORER,2,7-trinsskala,5,Afløsningsopgave,intern censur,Fall 2018,2018-08-01,2018-10-31,1
STNR014252,1904,DISKRET MATEMATIK,10,7-trinsskala,5,Skriftlig,intern censur,Fall 2018,2018-08-01,2018-10-31,1
STNR014252,2312,INDLEDENDE PROGRAMMERING,7,7-trinsskala,10,Mundtlig,ekstern censur,Fall 2018,2018-08-01,2018-10-31,1
STNR014252,2369,SOFTWARE PROCESSER OG MONSTRE,7,7-trinsskala,5,Afløsningsopgave,ekstern censur,Fall 2018,2018-08-01,2018-10-31,1
STNR014252,2323,INTRODUKTION TIL STATISTIK,2,7-trinsskala,5,Skriftlig,ekstern censur,"Fall 2018, Fall 2020",2018-08-01,2019-01-30,2
STNR014252,2346,DISTRIBUEREDE OG PARALLELLE SYSTEMER,2,7-trinsskala,5,Skriftlig,ekstern censur,Spring 2019,2019-02-01,2019-05-03,1
STNR014252,62410,CDIO-PROJEKT,7,7-trinsskala,10,Mundtlig,intern censur,Spring 2019,2019-02-01,2019-05-03,1
STNR014252,62413,AVANCERET OBJEKTORIENTERET PROGRAMMERING MED C# OG .NET,4,7-trinsskala,5,Mundtlig,intern censur,Spring 2019,2019-02-01,2019-05-03,1
STNR014252,62501,LINUX SERVER OG NETVAERK,4,7-trinsskala,5,Skriftlig,intern censur,Spring 2019,2019-02-01,2019-05-03,1
STNR014252,1920,BASISMAT 2 - VIDEREGAENDE MATEMATIK FOR DIPLOMINGENIORER,7,7-trinsskala,5,Skriftlig,intern censur,"Spring 2019, Spring 2020",2019-02-01,2019-08-02,2
STNR014252,62588,OPERATIVSYSTEMER,4,7-trinsskala,5,Skriftlig,ekstern censur,"Fall 2019, Spring 2019",2019-02-01,2019-08-02,2
STNR014252,2332,COMPILERTEKNIK,4,7-trinsskala,5,Skriftlig,intern censur,Fall 2019,2019-08-01,2019-10-31,1
STNR014252,62550,BRUGERINTERAKTION OG UDVIKLING PA MOBILE ENHEDER,12,7-trinsskala,10,Skriftlig,ekstern censur,Fall 2019,2019-08-01,2019-10-31,1
STNR014252,62598,KUNSTIG INTELLIGENS I COMPUTERSPIL,7,7-trinsskala,5,Skriftlig,intern censur,Fall 2019,2019-08-01,2019-10-31,1
STNR014252,62530,NETVAERKSSIKKERHED,0,7-trinsskala,5,Skriftlig,intern censur,"Fall 2020, Spring 2021, Fall 2019",2019-08-01,2020-04-30,3
STNR014252,PRA62-30,INGENIORPRAKTIK,BE,bestået/ikke bestået,30,Praktik,intern censur,Spring 2020,2020-02-01,2020-05-02,1
STNR014252,2267,SOFTWAREUDVIKLING AF WEBTJENESTER,4,7-trinsskala,5,Skriftlig,intern censur,Fall 2020,2020-08-01,2020-10-31,1
STNR014252,2823,COMPUTERSPILPROTOTYPER,10,7-trinsskala,5,Skriftlig,intern censur,Fall 2020,2020-08-01,2020-10-31,1
STNR014252,62416,VIDEREGAENDE MOBILAPPLIKATIONSUDVIKLING,7,7-trinsskala,5,Mundtlig,intern censur,Fall 2020,2020-08-01,2020-10-31,1
STNR014252,62618,OKONOMI,7,bestået/ikke bestået,5,Skriftlig,intern censur,Fall 2020,2020-08-01,2020-10-31,1
STNR014252,62999,INNOVATION PILOT,7,7-trinsskala,10,Afløsningsopgave,intern censur,Fall 2020,2020-08-01,2020-10-31,1
STNR014252,DE62-20,INSTITUT FOR INGENIORTEKNOLOGI OG -DIDAKTIK,10,7-trinsskala,20,Projekt,ekstern censur,Spring 2021,2021-02-01,2021-05-03,1
STNR014253,2313,UDVIKLINGSMETODER TIL IT-SYSTEMER,12,7-trinsskala,5,Skriftlig,ekstern censur,"Fall 2017, Fall 2018, Fall 2019",2017-08-01,2018-05-01,3
STNR014253,2315,VERSIONSSTYRING OG TESTMETODER,EM,7-trinsskala,5,Afløsningsopgave,ekstern censur,"Fall 2017, Spring 2020, Fall 2019",2017-08-01,2018-05-01,3
STNR014253,2324,VIDEREGAENDE PROGRAMMERING,12,7-trinsskala,10,Skriftlig,ekstern censur,Spring 2018,2018-02-01,2018-05-03,1
STNR014253,2326,ALGORITMER OG DATASTRUKTURER,7,7-trinsskala,5,Skriftlig,ekstern censur,Spring 2018,2018-02-01,2018-05-03,1
STNR014253,2327,INDLEDENDE DATABASER OG DATABASEPROGRAMMERING,7,7-trinsskala,5,Afløsningsopgave,intern censur,Spring 2018,2018-02-01,2018-05-03,1
STNR014253,62409,C PROGRAMMERING FOR JAVA PROGRAMMORER,10,7-trinsskala,5,Mundtlig,intern censur,Spring 2018,2018-02-01,2018-05-03,1
STNR014253,1901,BASISMAT - INDLEDENDE MATEMATIK FOR DIPLOMINGENIORER,7,7-trinsskala,5,Afløsningsopgave,intern censur,Fall 2018,2018-08-01,2018-10-31,1
STNR014253,1904,DISKRET MATEMATIK,4,7-trinsskala,5,Skriftlig,intern censur,Fall 2018,2018-08-01,2018-10-31,1
STNR014253,2312,INDLEDENDE PROGRAMMERING,10,7-trinsskala,10,Mundtlig,ekstern censur,Fall 2018,2018-08-01,2018-10-31,1
STNR014253,2323,INTRODUKTION TIL STATISTIK,4,7-trinsskala,5,Skriftlig,ekstern censur,Fall 2018,2018-08-01,2018-10-31,1
STNR014253,2369,SOFTWARE PROCESSER OG MONSTRE,7,7-trinsskala,5,Afløsningsopgave,ekstern censur,Fall 2018,2018-08-01,2018-10-31,1
STNR014253,62577,DATAKOMMUNIKATION,12,7-trinsskala,5,Afløsningsopgave,ekstern censur,"Spring 2018, Spring 2019, Spring 2020",2018-02-01,2018-11-01,3
STNR014253,1920,BASISMAT 2 - VIDEREGAENDE MATEMATIK FOR DIPLOMINGENIORER,10,7-trinsskala,5,Skriftlig,intern censur,Spring 2019,2019-02-01,2019-05-03,1
STNR014253,2346,DISTRIBUEREDE OG PARALLELLE SYSTEMER,7,7-trinsskala,5,Skriftlig,ekstern censur,Spring 2019,2019-02-01,2019-05-03,1
STNR014253,62410,CDIO-PROJEKT,7,7-trinsskala,10,Mundtlig,intern censur,Spring 2019,2019-02-01,2019-05-03,1
STNR014253,62501,LINUX SERVER OG NETVAERK,10,7-trinsskala,5,Skriftlig,intern censur,Spring 2019,2019-02-01,2019-05-03,1
STNR014253,62413,AVANCERET OBJEKTORIENTERET PROGRAMMERING MED C# OG .NET,EM,7-trinsskala,5,Mundtlig,intern censur,"Spring 2019, Fall 2020",2019-02-01,2019-08-02,2
STNR014253,2332,COMPILERTEKNIK,10,7-trinsskala,5,Skriftlig,intern censur,Fall 2019,2019-08-01,2019-10-31,1
STNR014253,62550,BRUGERINTERAKTION OG UDVIKLING PA MOBILE ENHEDER,10,7-trinsskala,10,Skriftlig,ekstern censur,Fall 2019,2019-08-01,2019-10-31,1
STNR014253,62588,OPERATIVSYSTEMER,7,7-trinsskala,5,Skriftlig,ekstern censur,Fall 2019,2019-08-01,2019-10-31,1
STNR014253,62597,"BACKENDUDVIKLING, DRIFT OG DISTRIBUEREDE SYSTEMER",7,7-trinsskala,5,Skriftlig,intern censur,Spring 2020,2020-02-01,2020-05-02,1
STNR014253,62618,OKONOMI,7,bestået/ikke bestået,5,Skriftlig,intern censur,Spring 2020,2020-02-01,2020-05-02,1
STNR014253,62999,INNOVATION PILOT,10,7-trinsskala,10,Afløsningsopgave,intern censur,Spring 2020,2020-02-01,2020-05-02,1
STNR014253,62530,NETVAERKSSIKKERHED,EM,7-trinsskala,5,Skriftlig,intern censur,"Spring 2020, Fall 2020",2020-02-01,2020-08-01,2
STNR014253,2393,PROGRAMMERING I C++,BE,bestået/ikke bestået,5,Skriftlig,intern censur,Fall 2020,2020-08-01,2020-10-31,1
STNR014253,PRA62-30,INGENIORPRAKTIK,BE,bestået/ikke bestået,30,Praktik,intern censur,Spring 2021,2021-02-01,2021-05-03,1
STNR014254,2313,UDVIKLINGSMETODER TIL IT-SYSTEMER,4,7-trinsskala,5,Skriftlig,ekstern censur,Fall 2017,2017-08-01,2017-10-31,1
STNR014254,2315,VERSIONSSTYRING OG TESTMETODER,12,7-trinsskala,5,Afløsningsopgave,ekstern censur,Fall 2017,2017-08-01,2017-10-31,1
STNR014254,2324,VIDEREGAENDE PROGRAMMERING,10,7-trinsskala,10,Skriftlig,ekstern censur,"Spring 2018, Spring 2020",2018-02-01,2018-08-02,2
STNR014254,62409,C PROGRAMMERING FOR JAVA PROGRAMMORER,2,7-trinsskala,5,Mundtlig,intern censur,"Spring 2018, Spring 2019",2018-02-01,2018-08-02,2
STNR014254,1901,BASISMAT - INDLEDENDE MATEMATIK FOR DIPLOMINGENIORER,7,7-trinsskala,5,Afløsningsopgave,intern censur,Fall 2018,2018-08-01,2018-10-31,1
STNR014254,1904,DISKRET MATEMATIK,7,7-trinsskala,5,Skriftlig,intern censur,Fall 2018,2018-08-01,2018-10-31,1
STNR014254,2369,SOFTWARE PROCESSER OG MONSTRE,7,7-trinsskala,5,Afløsningsopgave,ekstern censur,Fall 2018,2018-08-01,2018-10-31,1
STNR014254,2312,INDLEDENDE PROGRAMMERING,0,7-trinsskala,10,Mundtlig,ekstern censur,"Fall 2018, Fall 2020, Spring 2018",2018-02-01,2018-11-01,3
STNR014254,2327,INDLEDENDE DATABASER OG DATABASEPROGRAMMERING,4,7-trinsskala,5,Afløsningsopgave,intern censur,"Spring 2018, Spring 2019, Spring 2020",2018-02-01,2018-11-01,3
STNR014254,62577,DATAKOMMUNIKATION,0,7-trinsskala,5,Afløsningsopgave,ekstern censur,"Spring 2018, Spring 2020, Spring 2021, Spring 2020",2018-02-01,2019-01-31,4
STNR014254,2323,INTRODUKTION TIL STATISTIK,10,7-trinsskala,5,Skriftlig,ekstern censur,"Fall 2018, Fall 2019, Spring 2021",2018-08-01,2019-05-01,3
STNR014254,1920,BASISMAT 2 - VIDEREGAENDE MATEMATIK FOR DIPLOMINGENIORER,4,7-trinsskala,5,Skriftlig,intern censur,Spring 2019,2019-02-01,2019-05-03,1
STNR014254,2346,DISTRIBUEREDE OG PARALLELLE SYSTEMER,4,7-trinsskala,5,Skriftlig,ekstern censur,Spring 2019,2019-02-01,2019-05-03,1
STNR014254,62410,CDIO-PROJEKT,2,7-trinsskala,10,Mundtlig,intern censur,Spring 2019,2019-02-01,2019-05-03,1
STNR014254,62550,BRUGERINTERAKTION OG UDVIKLING PA MOBILE ENHEDER,4,7-trinsskala,10,Skriftlig,ekstern censur,Fall 2019,2019-08-01,2019-10-31,1
STNR014254,2332,COMPILERTEKNIK,0,7-trinsskala,5,Skriftlig,intern censur,"Fall 2020, Fall 2019",2019-08-01,2020-01-30,2
STNR014254,62588,OPERATIVSYSTEMER,10,7-trinsskala,5,Skriftlig,ekstern censur,"Fall 2019, Fall 2020",2019-08-01,2020-01-30,2
STNR014254,2326,ALGORITMER OG DATASTRUKTURER,4,7-trinsskala,5,Skriftlig,ekstern censur,Spring 2020,2020-02-01,2020-05-02,1
STNR014254,62618,OKONOMI,2,bestået/ikke bestået,5,Skriftlig,intern censur,Fall 2020,2020-08-01,2020-10-31,1
STNR014254,62999,INNOVATION PILOT,4,7-trinsskala,10,Afløsningsopgave,intern censur,Fall 2020,2020-08-01,2020-10-31,1
STNR014254,62413,AVANCERET OBJEKTORIENTERET PROGRAMMERING MED C# OG .NET,EM,7-trinsskala,5,Mundtlig,intern censur,"Fall 2020, Spring 2021",2020-08-01,2021-01-30,2
STNR014254,62530,NETVAERKSSIKKERHED,4,7-trinsskala,5,Skriftlig,intern censur,"Fall 2020, Spring 2021",2020-08-01,2021-01-30,2
STNR014254,62419,SYSTEM- OG NETVAERKSSIKKERHED - PROJEKT,10,7-trinsskala,5,Mundtlig,intern censur,"Fall 2021, Spring 2021",2021-02-01,2021-08-02,2
STNR014254,62527,BIG DATA,EM,7-trinsskala,5,Skriftlig,ekstern censur,Fall 2021,2021-08-01,2021-10-31,1
STNR014483,2313,UDVIKLINGSMETODER TIL IT-SYSTEMER,7,7-trinsskala,5,Skriftlig,ekstern censur,Fall 2018,2018-08-01,2018-10-31,1
STNR014483,2315,VERSIONSSTYRING OG TESTMETODER,10,7-trinsskala,5,Afløsningsopgave,ekstern censur,Fall 2018,2018-08-01,2018-10-31,1
STNR014483,2324,VIDEREGAENDE PROGRAMMERING,12,7-trinsskala,10,Skriftlig,ekstern censur,Spring 2019,2019-02-01,2019-05-03,1
STNR014483,2327,INDLEDENDE DATABASER OG DATABASEPROGRAMMERING,4,7-trinsskala,5,Afløsningsopgave,intern censur,Spring 2019,2019-02-01,2019-05-03,1
STNR014483,62409,C PROGRAMMERING FOR JAVA PROGRAMMORER,4,7-trinsskala,5,Mundtlig,intern censur,Spring 2019,2019-02-01,2019-05-03,1
STNR014483,62577,DATAKOMMUNIKATION,10,7-trinsskala,5,Afløsningsopgave,ekstern censur,Spring 2019,2019-02-01,2019-05-03,1
STNR014483,2326,ALGORITMER OG DATASTRUKTURER,0,7-trinsskala,5,Skriftlig,ekstern censur,"Spring 2019, Spring 2019",2019-02-01,2019-08-02,2
STNR014483,1901,BASISMAT - INDLEDENDE MATEMATIK FOR DIPLOMINGENIORER,2,7-trinsskala,5,Afløsningsopgave,intern censur,Fall 2019,2019-08-01,2019-10-31,1
STNR014483,1904,DISKRET MATEMATIK,10,7-trinsskala,5,Skriftlig,intern censur,Fall 2019,2019-08-01,2019-10-31,1
STNR014483,2312,INDLEDENDE PROGRAMMERING,7,7-trinsskala,10,Mundtlig,ekstern censur,Fall 2019,2019-08-01,2019-10-31,1
STNR014483,2323,INTRODUKTION TIL STATISTIK,4,7-trinsskala,5,Skriftlig,ekstern censur,Fall 2019,2019-08-01,2019-10-31,1
STNR014483,2369,SOFTWARE PROCESSER OG MONSTRE,BE,7-trinsskala,5,Afløsningsopgave,ekstern censur,Fall 2019,2019-08-01,2019-10-31,1
STNR014483,2180,INTRODUKTION TIL KUNSTIG INTELLIGENS,2,7-trinsskala,5,Skriftlig,ekstern censur,Spring 2020,2020-02-01,2020-05-02,1
STNR014483,62410,CDIO-PROJEKT,10,7-trinsskala,10,Mundtlig,intern censur,Spring 2020,2020-02-01,2020-05-02,1
STNR014483,62413,AVANCERET OBJEKTORIENTERET PROGRAMMERING MED C# OG .NET,10,7-trinsskala,5,Mundtlig,intern censur,Spring 2020,2020-02-01,2020-05-02,1
STNR014483,1920,BASISMAT 2 - VIDEREGAENDE MATEMATIK FOR DIPLOMINGENIORER,10,7-trinsskala,5,Skriftlig,intern censur,"Spring 2020, Spring 2021",2020-02-01,2020-08-01,2
STNR014483,2332,COMPILERTEKNIK,7,7-trinsskala,5,Skriftlig,intern censur,Fall 2020,2020-08-01,2020-10-31,1
STNR014483,2823,COMPUTERSPILPROTOTYPER,12,7-trinsskala,5,Skriftlig,intern censur,Fall 2020,2020-08-01,2020-10-31,1
STNR014483,62550,BRUGERINTERAKTION OG UDVIKLING PA MOBILE ENHEDER,10,7-trinsskala,10,Skriftlig,ekstern censur,Fall 2020,2020-08-01,2020-10-31,1
STNR014483,62588,OPERATIVSYSTEMER,7,7-trinsskala,5,Skriftlig,ekstern censur,Fall 2020,2020-08-01,2020-10-31,1
STNR014483,2346,DISTRIBUEREDE OG PARALLELLE SYSTEMER,4,7-trinsskala,5,Skriftlig,ekstern censur,Spring 2021,2021-02-01,2021-05-03,1
STNR014483,2502,BILLEDANALYSE,7,7-trinsskala,5,Afløsningsopgave,intern censur,Spring 2021,2021-02-01,2021-05-03,1
STNR014483,2450,INTRODUKTION TIL MACHINE LEARNING OG DATA MINING,0,7-trinsskala,5,Skriftlig,ekstern censur,"Spring 2021, Spring 2021",2021-02-01,2021-08-02,2
STNR014483,2809,UX DESIGN PROTOTYPEUDVIKLING,7,7-trinsskala,5,Afløsningsopgave,ekstern censur,Fall 2021,2021-08-01,2021-10-31,1
STNR014483,42430,PROJEKTLEDELSE,12,7-trinsskala,5,Mundtlig,ekstern censur,Fall 2021,2021-08-01,2021-10-31,1
STNR014483,62416,VIDEREGAENDE MOBILAPPLIKATIONSUDVIKLING,12,7-trinsskala,5,Afløsningsopgave,intern censur,Fall 2021,2021-08-01,2021-10-31,1
STNR014483,62999,INNOVATION PILOT,7,7-trinsskala,10,Afløsningsopgave,intern censur,Fall 2021,2021-08-01,2021-10-31,1
STNR014621,2313,UDVIKLINGSMETODER TIL IT-SYSTEMER,2,7-trinsskala,5,Skriftlig,ekstern censur,Fall 2018,2018-08-01,2018-10-31,1
STNR014621,2315,VERSIONSSTYRING OG TESTMETODER,10,7-trinsskala,5,Afløsningsopgave,ekstern censur,Fall 2018,2018-08-01,2018-10-31,1
STNR014621,2324,VIDEREGAENDE PROGRAMMERING,12,7-trinsskala,10,Skriftlig,ekstern censur,Spring 2019,2019-02-01,2019-05-03,1
STNR014621,2326,ALGORITMER OG DATASTRUKTURER,7,7-trinsskala,5,Skriftlig,ekstern censur,Spring 2019,2019-02-01,2019-05-03,1
STNR014621,2327,INDLEDENDE DATABASER OG DATABASEPROGRAMMERING,7,7-trinsskala,5,Afløsningsopgave,intern censur,Spring 2019,2019-02-01,2019-05-03,1
STNR014621,62409,C PROGRAMMERING FOR JAVA PROGRAMMORER,12,7-trinsskala,5,Mundtlig,intern censur,Spring 2019,2019-02-01,2019-05-03,1
STNR014621,62577,DATAKOMMUNIKATION,10,7-trinsskala,5,Afløsningsopgave,ekstern censur,Spring 2019,2019-02-01,2019-05-03,1
STNR014621,1901,BASISMAT - INDLEDENDE MATEMATIK FOR DIPLOMINGENIORER,7,7-trinsskala,5,Afløsningsopgave,intern censur,Fall 2019,2019-08-01,2019-10-31,1
STNR014621,1904,DISKRET MATEMATIK,4,7-trinsskala,5,Skriftlig,intern censur,Fall 2019,2019-08-01,2019-10-31,1
STNR014621,2312,INDLEDENDE PROGRAMMERING,12,7-trinsskala,10,Mundtlig,ekstern censur,Fall 2019,2019-08-01,2019-10-31,1
STNR014621,2369,SOFTWARE PROCESSER OG MONSTRE,BE,7-trinsskala,5,Afløsningsopgave,ekstern censur,Fall 2019,2019-08-01,2019-10-31,1
STNR014621,2323,INTRODUKTION TIL STATISTIK,10,7-trinsskala,5,Skriftlig,ekstern censur,"Fall 2019, Fall 2020",2019-08-01,2020-01-30,2
STNR014621,1920,BASISMAT 2 - VIDEREGAENDE MATEMATIK FOR DIPLOMINGENIORER,10,7-trinsskala,5,Skriftlig,intern censur,Spring 2020,2020-02-01,2020-05-02,1
STNR014621,62410,CDIO-PROJEKT,10,7-trinsskala,10,Mundtlig,intern censur,Spring 2020,2020-02-01,2020-05-02,1
STNR014621,62501,LINUX SERVER OG NETVAERK,10,7-trinsskala,5,Skriftlig,intern censur,Spring 2020,2020-02-01,2020-05-02,1
STNR014621,62596,DISTRIBUEREDE SYSTEMER,10,7-trinsskala,5,Skriftlig,intern censur,Spring 2020,2020-02-01,2020-05-02,1
STNR014621,2346,DISTRIBUEREDE OG PARALLELLE SYSTEMER,7,7-trinsskala,5,Skriftlig,ekstern censur,"Spring 2020, Spring 2021",2020-02-01,2020-08-01,2
STNR014621,2332,COMPILERTEKNIK,10,7-trinsskala,5,Skriftlig,intern censur,Fall 2020,2020-08-01,2020-10-31,1
STNR014621,2393,PROGRAMMERING I C++,BE,bestået/ikke bestået,5,Skriftlig,intern censur,Fall 2020,2020-08-01,2020-10-31,1
STNR014621,2823,COMPUTERSPILPROTOTYPER,EM,7-trinsskala,5,Skriftlig,intern censur,Fall 2020,2020-08-01,2020-10-31,1
STNR014621,62550,BRUGERINTERAKTION OG UDVIKLING PA MOBILE ENHEDER,10,7-trinsskala,10,Skriftlig,ekstern censur,Fall 2020,2020-08-01,2020-10-31,1
STNR014621,62588,OPERATIVSYSTEMER,EM,7-trinsskala,5,Skriftlig,ekstern censur,Fall 2020,2020-08-01,2020-10-31,1
STNR014621,34315,INTERNET OF THINGS - APPLIKATION OG INFRASTRUKTUR UDVIKLING,7,bestået/ikke bestået,5,Skriftlig,intern censur,Spring 2021,2021-02-01,2021-05-03,1
STNR014621,62413,AVANCERET OBJEKTORIENTERET PROGRAMMERING MED C# OG .NET,12,7-trinsskala,5,Mundtlig,intern censur,Spring 2021,2021-02-01,2021-05-03,1
STNR014621,2148,INTRODUKTION TIL KOORDINERING AF FORDELTE APPLIKATIONER,10,7-trinsskala,5,Skriftlig,intern censur,Fall 2021,2021-08-01,2021-10-31,1
STNR014621,2157,FUNKTIONSPROGRAMMERING,12,7-trinsskala,5,Skriftlig,ekstern censur,Fall 2021,2021-08-01,2021-10-31,1
STNR014621,62999,INNOVATION PILOT,4,7-trinsskala,10,Afløsningsopgave,intern censur,Fall 2021,2021-08-01,2021-10-31,1
STNR014630,2313,UDVIKLINGSMETODER TIL IT-SYSTEMER,10,7-trinsskala,5,Skriftlig,ekstern censur,Fall 2017,2017-08-01,2017-10-31,1
STNR014630,2315,VERSIONSSTYRING OG TESTMETODER,10,7-trinsskala,5,Afløsningsopgave,ekstern censur,Fall 2017,2017-08-01,2017-10-31,1
STNR014630,2324,VIDEREGAENDE PROGRAMMERING,10,7-trinsskala,10,Skriftlig,ekstern censur,Spring 2018,2018-02-01,2018-05-03,1
STNR014630,2326,ALGORITMER OG DATASTRUKTURER,7,7-trinsskala,5,Skriftlig,ekstern censur,Spring 2018,2018-02-01,2018-05-03,1
STNR014630,2327,INDLEDENDE DATABASER OG DATABASEPROGRAMMERING,10,7-trinsskala,5,Afløsningsopgave,intern censur,Spring 2018,2018-02-01,2018-05-03,1
STNR014630,62409,C PROGRAMMERING FOR JAVA PROGRAMMORER,7,7-trinsskala,5,Mundtlig,intern censur,Spring 2018,2018-02-01,2018-05-03,1
STNR014630,62577,DATAKOMMUNIKATION,10,7-trinsskala,5,Afløsningsopgave,ekstern censur,Spring 2018,2018-02-01,2018-05-03,1
STNR014630,1901,BASISMAT - INDLEDENDE MATEMATIK FOR DIPLOMINGENIORER,12,7-trinsskala,5,Afløsningsopgave,intern censur,Fall 2018,2018-08-01,2018-10-31,1
STNR014630,1904,DISKRET MATEMATIK,10,7-trinsskala,5,Skriftlig,intern censur,Fall 2018,2018-08-01,2018-10-31,1
STNR014630,2312,INDLEDENDE PROGRAMMERING,4,7-trinsskala,10,Mundtlig,ekstern censur,Fall 2018,2018-08-01,2018-10-31,1
STNR014630,2323,INTRODUKTION TIL STATISTIK,4,7-trinsskala,5,Skriftlig,ekstern censur,Fall 2018,2018-08-01,2018-10-31,1
STNR014630,2369,SOFTWARE PROCESSER OG MONSTRE,7,7-trinsskala,5,Afløsningsopgave,ekstern censur,Fall 2018,2018-08-01,2018-10-31,1
STNR014630,1920,BASISMAT 2 - VIDEREGAENDE MATEMATIK FOR DIPLOMINGENIORER,12,7-trinsskala,5,Skriftlig,intern censur,Spring 2019,2019-02-01,2019-05-03,1
STNR014630,2346,DISTRIBUEREDE OG PARALLELLE SYSTEMER,7,7-trinsskala,5,Skriftlig,ekstern censur,Spring 2019,2019-02-01,2019-05-03,1
STNR014630,2450,INTRODUKTION TIL MACHINE LEARNING OG DATA MINING,2,7-trinsskala,5,Skriftlig,ekstern censur,Spring 2019,2019-02-01,2019-05-03,1
STNR014630,62410,CDIO-PROJEKT,10,7-trinsskala,10,Mundtlig,intern censur,Spring 2019,2019-02-01,2019-05-03,1
STNR014630,62413,AVANCERET OBJEKTORIENTERET PROGRAMMERING MED C# OG .NET,7,7-trinsskala,5,Mundtlig,intern censur,Spring 2019,2019-02-01,2019-05-03,1
STNR014630,2332,COMPILERTEKNIK,7,7-trinsskala,5,Skriftlig,intern censur,Fall 2019,2019-08-01,2019-10-31,1
STNR014630,62550,BRUGERINTERAKTION OG UDVIKLING PA MOBILE ENHEDER,7,7-trinsskala,10,Skriftlig,ekstern censur,Fall 2019,2019-08-01,2019-10-31,1
STNR014630,62588,OPERATIVSYSTEMER,2,7-trinsskala,5,Skriftlig,ekstern censur,Fall 2019,2019-08-01,2019-10-31,1
STNR014630,PRA62-30,INGENIORPRAKTIK,BE,bestået/ikke bestået,30,Praktik,intern censur,Spring 2020,2020-02-01,2020-05-02,1
STNR014630,2823,COMPUTERSPILPROTOTYPER,12,7-trinsskala,5,Skriftlig,intern censur,Fall 2020,2020-08-01,2020-10-31,1
STNR014630,DE62-20,INSTITUT FOR INGENIORTEKNOLOGI OG -DIDAKTIK,10,7-trinsskala,20,Projekt,ekstern censur,Spring 2021,2021-02-01,2021-05-03,1
STNR014630,2456,DYB LAERING,7,7-trinsskala,5,Skriftlig,ekstern censur,Fall 2021,2021-08-01,2021-10-31,1
STNR014630,62999,INNOVATION PILOT,7,7-trinsskala,10,Afløsningsopgave,intern censur,Fall 2021,2021-08-01,2021-10-31,1
STNR014660,2313,UDVIKLINGSMETODER TIL IT-SYSTEMER,7,7-trinsskala,5,Skriftlig,ekstern censur,Fall 2018,2018-08-01,2018-10-31,1
STNR014660,2315,VERSIONSSTYRING OG TESTMETODER,12,7-trinsskala,5,Afløsningsopgave,ekstern censur,Fall 2018,2018-08-01,2018-10-31,1
STNR014660,2324,VIDEREGAENDE PROGRAMMERING,10,7-trinsskala,10,Skriftlig,ekstern censur,Spring 2019,2019-02-01,2019-05-03,1
STNR014660,2326,ALGORITMER OG DATASTRUKTURER,2,7-trinsskala,5,Skriftlig,ekstern censur,Spring 2019,2019-02-01,2019-05-03,1
STNR014660,2327,INDLEDENDE DATABASER OG DATABASEPROGRAMMERING,7,7-trinsskala,5,Afløsningsopgave,intern censur,Spring 2019,2019-02-01,2019-05-03,1
STNR014660,62409,C PROGRAMMERING FOR JAVA PROGRAMMORER,4,7-trinsskala,5,Mundtlig,intern censur,Spring 2019,2019-02-01,2019-05-03,1
STNR014660,62577,DATAKOMMUNIKATION,10,7-trinsskala,5,Afløsningsopgave,ekstern censur,Spring 2019,2019-02-01,2019-05-03,1
STNR014660,1901,BASISMAT - INDLEDENDE MATEMATIK FOR DIPLOMINGENIORER,7,7-trinsskala,5,Afløsningsopgave,intern censur,Fall 2019,2019-08-01,2019-10-31,1
STNR014660,1904,DISKRET MATEMATIK,4,7-trinsskala,5,Skriftlig,intern censur,Fall 2019,2019-08-01,2019-10-31,1
STNR014660,2312,INDLEDENDE PROGRAMMERING,10,7-trinsskala,10,Mundtlig,ekstern censur,Fall 2019,2019-08-01,2019-10-31,1
STNR014660,2369,SOFTWARE PROCESSER OG MONSTRE,BE,7-trinsskala,5,Afløsningsopgave,ekstern censur,Fall 2019,2019-08-01,2019-10-31,1
STNR014660,2323,INTRODUKTION TIL STATISTIK,0,7-trinsskala,5,Skriftlig,ekstern censur,"Fall 2019, Spring 2021",2019-08-01,2020-01-30,2
STNR014660,1920,BASISMAT 2 - VIDEREGAENDE MATEMATIK FOR DIPLOMINGENIORER,4,7-trinsskala,5,Skriftlig,intern censur,Spring 2020,2020-02-01,2020-05-02,1
STNR014660,2180,INTRODUKTION TIL KUNSTIG INTELLIGENS,2,7-trinsskala,5,Skriftlig,ekstern censur,Spring 2020,2020-02-01,2020-05-02,1
STNR014660,2346,DISTRIBUEREDE OG PARALLELLE SYSTEMER,7,7-trinsskala,5,Skriftlig,ekstern censur,Spring 2020,2020-02-01,2020-05-02,1
STNR014660,62410,CDIO-PROJEKT,7,7-trinsskala,10,Mundtlig,intern censur,Spring 2020,2020-02-01,2020-05-02,1
STNR014660,62413,AVANCERET OBJEKTORIENTERET PROGRAMMERING MED C# OG .NET,12,7-trinsskala,5,Mundtlig,intern censur,Spring 2020,2020-02-01,2020-05-02,1
STNR014660,2332,COMPILERTEKNIK,7,7-trinsskala,5,Skriftlig,intern censur,Fall 2020,2020-08-01,2020-10-31,1
STNR014660,2393,PROGRAMMERING I C++,BE,bestået/ikke bestået,5,Skriftlig,intern censur,Fall 2020,2020-08-01,2020-10-31,1
STNR014660,62407,INTERNET OF THINGS - TEORI OG PRAKSIS,EM,7-trinsskala,5,Mundtlig,intern censur,Fall 2020,2020-08-01,2020-10-31,1
STNR014660,62550,BRUGERINTERAKTION OG UDVIKLING PA MOBILE ENHEDER,7,7-trinsskala,10,Skriftlig,ekstern censur,Fall 2020,2020-08-01,2020-10-31,1
STNR014660,62588,OPERATIVSYSTEMER,4,7-trinsskala,5,Skriftlig,ekstern censur,Fall 2020,2020-08-01,2020-10-31,1
STNR014660,PRA62-30,INGENIORPRAKTIK,BE,bestået/ikke bestået,30,Praktik,intern censur,Spring 2021,2021-02-01,2021-05-03,1
STNR014660,62437,VIDEREGAENDE MOBILAPPLIKATIONSUDVIKLING MED PROJEKT,7,7-trinsskala,10,Afløsningsopgave,intern censur,Fall 2021,2021-08-01,2021-10-31,1
STNR014660,62999,INNOVATION PILOT,4,7-trinsskala,10,Afløsningsopgave,intern censur,Fall 2021,2021-08-01,2021-10-31,1
STNR014661,2313,UDVIKLINGSMETODER TIL IT-SYSTEMER,12,7-trinsskala,5,Skriftlig,ekstern censur,Fall 2018,2018-08-01,2018-10-31,1
STNR014661,2315,VERSIONSSTYRING OG TESTMETODER,10,7-trinsskala,5,Afløsningsopgave,ekstern censur,Fall 2018,2018-08-01,2018-10-31,1
STNR014661,2324,VIDEREGAENDE PROGRAMMERING,12,7-trinsskala,10,Skriftlig,ekstern censur,Spring 2019,2019-02-01,2019-05-03,1
STNR014661,2326,ALGORITMER OG DATASTRUKTURER,7,7-trinsskala,5,Skriftlig,ekstern censur,Spring 2019,2019-02-01,2019-05-03,1
STNR014661,2327,INDLEDENDE DATABASER OG DATABASEPROGRAMMERING,4,7-trinsskala,5,Afløsningsopgave,intern censur,Spring 2019,2019-02-01,2019-05-03,1
STNR014661,62409,C PROGRAMMERING FOR JAVA PROGRAMMORER,10,7-trinsskala,5,Mundtlig,intern censur,Spring 2019,2019-02-01,2019-05-03,1
STNR014661,62577,DATAKOMMUNIKATION,7,7-trinsskala,5,Afløsningsopgave,ekstern censur,Spring 2019,2019-02-01,2019-05-03,1
STNR014661,1901,BASISMAT - INDLEDENDE MATEMATIK FOR DIPLOMINGENIORER,7,7-trinsskala,5,Afløsningsopgave,intern censur,Fall 2019,2019-08-01,2019-10-31,1
STNR014661,1904,DISKRET MATEMATIK,10,7-trinsskala,5,Skriftlig,intern censur,Fall 2019,2019-08-01,2019-10-31,1
STNR014661,2312,INDLEDENDE PROGRAMMERING,10,7-trinsskala,10,Mundtlig,ekstern censur,Fall 2019,2019-08-01,2019-10-31,1
STNR014661,2323,INTRODUKTION TIL STATISTIK,4,7-trinsskala,5,Skriftlig,ekstern censur,Fall 2019,2019-08-01,2019-10-31,1
STNR014661,2369,SOFTWARE PROCESSER OG MONSTRE,BE,7-trinsskala,5,Afløsningsopgave,ekstern censur,Fall 2019,2019-08-01,2019-10-31,1
STNR014661,62410,CDIO-PROJEKT,12,7-trinsskala,10,Mundtlig,intern censur,Spring 2020,2020-02-01,2020-05-02,1
STNR014661,62596,DISTRIBUEREDE SYSTEMER,4,7-trinsskala,5,Skriftlig,intern censur,Spring 2020,2020-02-01,2020-05-02,1
STNR014661,2346,DISTRIBUEREDE OG PARALLELLE SYSTEMER,2,7-trinsskala,5,Skriftlig,ekstern censur,"Spring 2020, Spring 2021",2020-02-01,2020-08-01,2
STNR014661,62501,LINUX SERVER OG NETVAERK,2,7-trinsskala,5,Skriftlig,intern censur,"Spring 2020, Spring 2021",2020-02-01,2020-08-01,2
STNR014661,1920,BASISMAT 2 - VIDEREGAENDE MATEMATIK FOR DIPLOMINGENIORER,0,7-trinsskala,5,Skriftlig,intern censur,"Spring 2020, Spring 2021, Spring 2021",2020-02-01,2020-10-31,3
STNR014661,2332,COMPILERTEKNIK,4,7-trinsskala,5,Skriftlig,intern censur,Fall 2020,2020-08-01,2020-10-31,1
STNR014661,62530,NETVAERKSSIKKERHED,12,7-trinsskala,5,Skriftlig,intern censur,Fall 2020,2020-08-01,2020-10-31,1
STNR014661,62550,BRUGERINTERAKTION OG UDVIKLING PA MOBILE ENHEDER,10,7-trinsskala,10,Skriftlig,ekstern censur,Fall 2020,2020-08-01,2020-10-31,1
STNR014661,62588,OPERATIVSYSTEMER,10,7-trinsskala,5,Skriftlig,ekstern censur,Fall 2020,2020-08-01,2020-10-31,1
STNR014661,62413,AVANCERET OBJEKTORIENTERET PROGRAMMERING MED C# OG .NET,10,7-trinsskala,5,Mundtlig,intern censur,Spring 2021,2021-02-01,2021-05-03,1
STNR014661,62416,VIDEREGAENDE MOBILAPPLIKATIONSUDVIKLING,EM,7-trinsskala,5,Mundtlig,intern censur,Fall 2021,2021-08-01,2021-10-31,1
STNR014661,62437,VIDEREGAENDE MOBILAPPLIKATIONSUDVIKLING MED PROJEKT,7,7-trinsskala,10,Afløsningsopgave,intern censur,Fall 2021,2021-08-01,2021-10-31,1
STNR014661,62999,INNOVATION PILOT,10,7-trinsskala,10,Afløsningsopgave,intern censur,Fall 2021,2021-08-01,2021-10-31,1
STNR014662,2313,UDVIKLINGSMETODER TIL IT-SYSTEMER,12,7-trinsskala,5,Skriftlig,ekstern censur,Fall 2018,2018-08-01,2018-10-31,1
STNR014662,2315,VERSIONSSTYRING OG TESTMETODER,7,7-trinsskala,5,Afløsningsopgave,ekstern censur,Fall 2018,2018-08-01,2018-10-31,1
STNR014662,2324,VIDEREGAENDE PROGRAMMERING,12,7-trinsskala,10,Skriftlig,ekstern censur,Spring 2019,2019-02-01,2019-05-03,1
STNR014662,2326,ALGORITMER OG DATASTRUKTURER,4,7-trinsskala,5,Skriftlig,ekstern censur,Spring 2019,2019-02-01,2019-05-03,1
STNR014662,2327,INDLEDENDE DATABASER OG DATABASEPROGRAMMERING,4,7-trinsskala,5,Afløsningsopgave,intern censur,Spring 2019,2019-02-01,2019-05-03,1
STNR014662,62409,C PROGRAMMERING FOR JAVA PROGRAMMORER,10,7-trinsskala,5,Mundtlig,intern censur,Spring 2019,2019-02-01,2019-05-03,1
STNR014662,62577,DATAKOMMUNIKATION,12,7-trinsskala,5,Afløsningsopgave,ekstern censur,Spring 2019,2019-02-01,2019-05-03,1
STNR014662,1901,BASISMAT - INDLEDENDE MATEMATIK FOR DIPLOMINGENIORER,2,7-trinsskala,5,Afløsningsopgave,intern censur,Fall 2019,2019-08-01,2019-10-31,1
STNR014662,1904,DISKRET MATEMATIK,4,7-trinsskala,5,Skriftlig,intern censur,Fall 2019,2019-08-01,2019-10-31,1
STNR014662,2312,INDLEDENDE PROGRAMMERING,10,7-trinsskala,10,Mundtlig,ekstern censur,Fall 2019,2019-08-01,2019-10-31,1
STNR014662,2369,SOFTWARE PROCESSER OG MONSTRE,BE,7-trinsskala,5,Afløsningsopgave,ekstern censur,Fall 2019,2019-08-01,2019-10-31,1
STNR014662,2323,INTRODUKTION TIL STATISTIK,2,7-trinsskala,5,Skriftlig,ekstern censur,"Fall 2019, Spring 2020",2019-08-01,2020-01-30,2
STNR014662,62410,CDIO-PROJEKT,4,7-trinsskala,10,Mundtlig,intern censur,Spring 2020,2020-02-01,2020-05-02,1
STNR014662,62530,NETVAERKSSIKKERHED,7,7-trinsskala,5,Skriftlig,intern censur,Spring 2020,2020-02-01,2020-05-02,1
STNR014662,2346,DISTRIBUEREDE OG PARALLELLE SYSTEMER,2,7-trinsskala,5,Skriftlig,ekstern censur,"Spring 2020, Spring 2020",2020-02-01,2020-08-01,2
STNR014662,62501,LINUX SERVER OG NETVAERK,2,7-trinsskala,5,Skriftlig,intern censur,"Spring 2020, Spring 2021",2020-02-01,2020-08-01,2
STNR014662,1920,BASISMAT 2 - VIDEREGAENDE MATEMATIK FOR DIPLOMINGENIORER,2,7-trinsskala,5,Skriftlig,intern censur,"Spring 2020, Spring 2020, Spring 2021",2020-02-01,2020-10-31,3
STNR014662,2332,COMPILERTEKNIK,10,7-trinsskala,5,Skriftlig,intern censur,Fall 2020,2020-08-01,2020-10-31,1
STNR014662,62550,BRUGERINTERAKTION OG UDVIKLING PA MOBILE ENHEDER,10,7-trinsskala,10,Skriftlig,ekstern censur,Fall 2020,2020-08-01,2020-10-31,1
STNR014662,62588,OPERATIVSYSTEMER,12,7-trinsskala,5,Skriftlig,ekstern censur,Fall 2020,2020-08-01,2020-10-31,1
STNR014662,2193,ETISK HACKING,7,7-trinsskala,5,Afløsningsopgave,intern censur,Spring 2021,2021-02-01,2021-05-03,1
STNR014662,62589,BUSINESS INTELLIGENCE,12,7-trinsskala,5,Skriftlig,ekstern censur,Spring 2021,2021-02-01,2021-05-03,1
STNR014662,2148,INTRODUKTION TIL KOORDINERING AF FORDELTE APPLIKATIONER,12,7-trinsskala,5,Skriftlig,intern censur,Fall 2021,2021-08-01,2021-10-31,1
STNR014662,62999,INNOVATION PILOT,4,7-trinsskala,10,Afløsningsopgave,intern censur,Fall 2021,2021-08-01,2021-10-31,1
STNR014664,2313,UDVIKLINGSMETODER TIL IT-SYSTEMER,10,7-trinsskala,5,Skriftlig,ekstern censur,Fall 2018,2018-08-01,2018-10-31,1
STNR014664,2315,VERSIONSSTYRING OG TESTMETODER,10,7-trinsskala,5,Afløsningsopgave,ekstern censur,Fall 2018,2018-08-01,2018-10-31,1
STNR014664,2324,VIDEREGAENDE PROGRAMMERING,10,7-trinsskala,10,Skriftlig,ekstern censur,Spring 2019,2019-02-01,2019-05-03,1
STNR014664,2326,ALGORITMER OG DATASTRUKTURER,10,7-trinsskala,5,Skriftlig,ekstern censur,Spring 2019,2019-02-01,2019-05-03,1
STNR014664,2327,INDLEDENDE DATABASER OG DATABASEPROGRAMMERING,7,7-trinsskala,5,Afløsningsopgave,intern censur,Spring 2019,2019-02-01,2019-05-03,1
STNR014664,62409,C PROGRAMMERING FOR JAVA PROGRAMMORER,12,7-trinsskala,5,Mundtlig,intern censur,Spring 2019,2019-02-01,2019-05-03,1
STNR014664,62577,DATAKOMMUNIKATION,10,7-trinsskala,5,Afløsningsopgave,ekstern censur,Spring 2019,2019-02-01,2019-05-03,1
STNR014664,1901,BASISMAT - INDLEDENDE MATEMATIK FOR DIPLOMINGENIORER,4,7-trinsskala,5,Afløsningsopgave,intern censur,Fall 2019,2019-08-01,2019-10-31,1
STNR014664,1904,DISKRET MATEMATIK,7,7-trinsskala,5,Skriftlig,intern censur,Fall 2019,2019-08-01,2019-10-31,1
STNR014664,2312,INDLEDENDE PROGRAMMERING,10,7-trinsskala,10,Mundtlig,ekstern censur,Fall 2019,2019-08-01,2019-10-31,1
STNR014664,2323,INTRODUKTION TIL STATISTIK,10,7-trinsskala,5,Skriftlig,ekstern censur,Fall 2019,2019-08-01,2019-10-31,1
STNR014664,2369,SOFTWARE PROCESSER OG MONSTRE,BE,7-trinsskala,5,Afløsningsopgave,ekstern censur,Fall 2019,2019-08-01,2019-10-31,1
STNR014664,1920,BASISMAT 2 - VIDEREGAENDE MATEMATIK FOR DIPLOMINGENIORER,12,7-trinsskala,5,Skriftlig,intern censur,Spring 2020,2020-02-01,2020-05-02,1
STNR014664,2180,INTRODUKTION TIL KUNSTIG INTELLIGENS,7,7-trinsskala,5,Skriftlig,ekstern censur,Spring 2020,2020-02-01,2020-05-02,1
STNR014664,2346,DISTRIBUEREDE OG PARALLELLE SYSTEMER,7,7-trinsskala,5,Skriftlig,ekstern censur,Spring 2020,2020-02-01,2020-05-02,1
STNR014664,62410,CDIO-PROJEKT,4,7-trinsskala,10,Mundtlig,intern censur,Spring 2020,2020-02-01,2020-05-02,1
STNR014664,62573,PROGRAMMERING AF INTELLIGENTE KORETOJER OG MOBILE APPLIKATIONER,BE,bestået/ikke bestået,5,Afløsningsopgave,intern censur,Spring 2020,2020-02-01,2020-05-02,1
STNR014664,2110,ALGORITMER OG DATASTRUKTURER 2,10,7-trinsskala,5,Skriftlig,ekstern censur,Fall 2020,2020-08-01,2020-10-31,1
STNR014664,2332,COMPILERTEKNIK,10,7-trinsskala,5,Skriftlig,intern censur,Fall 2020,2020-08-01,2020-10-31,1
STNR014664,62550,BRUGERINTERAKTION OG UDVIKLING PA MOBILE ENHEDER,10,7-trinsskala,10,Skriftlig,ekstern censur,Fall 2020,2020-08-01,2020-10-31,1
STNR014664,62588,OPERATIVSYSTEMER,10,7-trinsskala,5,Skriftlig,ekstern censur,Fall 2020,2020-08-01,2020-10-31,1
STNR014664,62598,KUNSTIG INTELLIGENS I COMPUTERSPIL,12,7-trinsskala,5,Skriftlig,intern censur,Fall 2020,2020-08-01,2020-10-31,1
STNR014664,PRA62-30,INGENIORPRAKTIK,BE,bestået/ikke bestået,30,Praktik,intern censur,Spring 2021,2021-02-01,2021-05-03,1
STNR014664,2157,FUNKTIONSPROGRAMMERING,7,7-trinsskala,5,Skriftlig,ekstern censur,Fall 2021,2021-08-01,2021-10-31,1
STNR014664,2807,BEREGNINGSMAESSIGE VAERKTOJER TIL DATAVIDENSKAB,10,7-trinsskala,5,Afløsningsopgave,intern censur,Fall 2021,2021-08-01,2021-10-31,1
STNR014664,62999,INNOVATION PILOT,10,7-trinsskala,10,Afløsningsopgave,intern censur,Fall 2021,2021-08-01,2021-10-31,1
STNR014665,2313,UDVIKLINGSMETODER TIL IT-SYSTEMER,12,7-trinsskala,5,Skriftlig,ekstern censur,Fall 2018,2018-08-01,2018-10-31,1
STNR014665,2315,VERSIONSSTYRING OG TESTMETODER,10,7-trinsskala,5,Afløsningsopgave,ekstern censur,Fall 2018,2018-08-01,2018-10-31,1
STNR014665,2324,VIDEREGAENDE PROGRAMMERING,12,7-trinsskala,10,Skriftlig,ekstern censur,Spring 2019,2019-02-01,2019-05-03,1
STNR014665,2326,ALGORITMER OG DATASTRUKTURER,7,7-trinsskala,5,Skriftlig,ekstern censur,Spring 2019,2019-02-01,2019-05-03,1
STNR014665,2327,INDLEDENDE DATABASER OG DATABASEPROGRAMMERING,4,7-trinsskala,5,Afløsningsopgave,intern censur,Spring 2019,2019-02-01,2019-05-03,1
STNR014665,62409,C PROGRAMMERING FOR JAVA PROGRAMMORER,12,7-trinsskala,5,Mundtlig,intern censur,Spring 2019,2019-02-01,2019-05-03,1
STNR014665,62577,DATAKOMMUNIKATION,10,7-trinsskala,5,Afløsningsopgave,ekstern censur,Spring 2019,2019-02-01,2019-05-03,1
STNR014665,1901,BASISMAT - INDLEDENDE MATEMATIK FOR DIPLOMINGENIORER,0,7-trinsskala,5,Afløsningsopgave,intern censur,"Spring 2019, Fall 2019",2019-02-01,2019-08-02,2
STNR014665,1904,DISKRET MATEMATIK,12,7-trinsskala,5,Skriftlig,intern censur,Fall 2019,2019-08-01,2019-10-31,1
STNR014665,2312,INDLEDENDE PROGRAMMERING,10,7-trinsskala,10,Mundtlig,ekstern censur,Fall 2019,2019-08-01,2019-10-31,1
STNR014665,2323,INTRODUKTION TIL STATISTIK,2,7-trinsskala,5,Skriftlig,ekstern censur,Fall 2019,2019-08-01,2019-10-31,1
STNR014665,2369,SOFTWARE PROCESSER OG MONSTRE,BE,7-trinsskala,5,Afløsningsopgave,ekstern censur,Fall 2019,2019-08-01,2019-10-31,1
STNR014665,2346,DISTRIBUEREDE OG PARALLELLE SYSTEMER,10,7-trinsskala,5,Skriftlig,ekstern censur,Spring 2020,2020-02-01,2020-05-02,1
STNR014665,62410,CDIO-PROJEKT,12,7-trinsskala,10,Mundtlig,intern censur,Spring 2020,2020-02-01,2020-05-02,1
STNR014665,62501,LINUX SERVER OG NETVAERK,10,7-trinsskala,5,Skriftlig,intern censur,Spring 2020,2020-02-01,2020-05-02,1
STNR014665,62596,DISTRIBUEREDE SYSTEMER,12,7-trinsskala,5,Skriftlig,intern censur,Spring 2020,2020-02-01,2020-05-02,1
STNR014665,1920,BASISMAT 2 - VIDEREGAENDE MATEMATIK FOR DIPLOMINGENIORER,4,7-trinsskala,5,Skriftlig,intern censur,"Spring 2020, Fall 2021",2020-02-01,2020-08-01,2
STNR014665,2332,COMPILERTEKNIK,10,7-trinsskala,5,Skriftlig,intern censur,Fall 2020,2020-08-01,2020-10-31,1
STNR014665,62413,AVANCERET OBJEKTORIENTERET PROGRAMMERING MED C# OG .NET,EM,7-trinsskala,5,Mundtlig,intern censur,Fall 2020,2020-08-01,2020-10-31,1
STNR014665,62417,MOBIL APPLIKATIONSUDVIKLING MED SWIFT,EM,7-trinsskala,5,Mundtlig,intern censur,Fall 2020,2020-08-01,2020-10-31,1
STNR014665,62550,BRUGERINTERAKTION OG UDVIKLING PA MOBILE ENHEDER,10,7-trinsskala,10,Skriftlig,ekstern censur,Fall 2020,2020-08-01,2020-10-31,1
STNR014665,62588,OPERATIVSYSTEMER,10,7-trinsskala,5,Skriftlig,ekstern censur,Fall 2020,2020-08-01,2020-10-31,1
STNR014665,PRA62-30,INGENIORPRAKTIK,BE,bestået/ikke bestået,30,Praktik,intern censur,Spring 2021,2021-02-01,2021-05-03,1
STNR014665,62437,VIDEREGAENDE MOBILAPPLIKATIONSUDVIKLING MED PROJEKT,EM,7-trinsskala,10,Afløsningsopgave,intern censur,Fall 2021,2021-08-01,2021-10-31,1
STNR014665,62999,INNOVATION PILOT,10,7-trinsskala,10,Afløsningsopgave,intern censur,Fall 2021,2021-08-01,2021-10-31,1
STNR014667,2313,UDVIKLINGSMETODER TIL IT-SYSTEMER,7,7-trinsskala,5,Skriftlig,ekstern censur,Fall 2018,2018-08-01,2018-10-31,1
STNR014667,2315,VERSIONSSTYRING OG TESTMETODER,12,7-trinsskala,5,Afløsningsopgave,ekstern censur,Fall 2018,2018-08-01,2018-10-31,1
STNR014667,2324,VIDEREGAENDE PROGRAMMERING,12,7-trinsskala,10,Skriftlig,ekstern censur,Spring 2019,2019-02-01,2019-05-03,1
STNR014667,2326,ALGORITMER OG DATASTRUKTURER,10,7-trinsskala,5,Skriftlig,ekstern censur,Spring 2019,2019-02-01,2019-05-03,1
STNR014667,2327,INDLEDENDE DATABASER OG DATABASEPROGRAMMERING,4,7-trinsskala,5,Afløsningsopgave,intern censur,Spring 2019,2019-02-01,2019-05-03,1
STNR014667,62409,C PROGRAMMERING FOR JAVA PROGRAMMORER,12,7-trinsskala,5,Mundtlig,intern censur,Spring 2019,2019-02-01,2019-05-03,1
STNR014667,62577,DATAKOMMUNIKATION,10,7-trinsskala,5,Afløsningsopgave,ekstern censur,Spring 2019,2019-02-01,2019-05-03,1
STNR014667,1901,BASISMAT - INDLEDENDE MATEMATIK FOR DIPLOMINGENIORER,10,7-trinsskala,5,Afløsningsopgave,intern censur,Fall 2019,2019-08-01,2019-10-31,1
STNR014667,1904,DISKRET MATEMATIK,10,7-trinsskala,5,Skriftlig,intern censur,Fall 2019,2019-08-01,2019-10-31,1
STNR014667,2312,INDLEDENDE PROGRAMMERING,10,7-trinsskala,10,Mundtlig,ekstern censur,Fall 2019,2019-08-01,2019-10-31,1
STNR014667,2323,INTRODUKTION TIL STATISTIK,4,7-trinsskala,5,Skriftlig,ekstern censur,Fall 2019,2019-08-01,2019-10-31,1
STNR014667,2369,SOFTWARE PROCESSER OG MONSTRE,BE,7-trinsskala,5,Afløsningsopgave,ekstern censur,Fall 2019,2019-08-01,2019-10-31,1
STNR014667,1920,BASISMAT 2 - VIDEREGAENDE MATEMATIK FOR DIPLOMINGENIORER,10,7-trinsskala,5,Skriftlig,intern censur,Spring 2020,2020-02-01,2020-05-02,1
STNR014667,2346,DISTRIBUEREDE OG PARALLELLE SYSTEMER,7,7-trinsskala,5,Skriftlig,ekstern censur,Spring 2020,2020-02-01,2020-05-02,1
STNR014667,62410,CDIO-PROJEKT,12,7-trinsskala,10,Mundtlig,intern censur,Spring 2020,2020-02-01,2020-05-02,1
STNR014667,62501,LINUX SERVER OG NETVAERK,7,7-trinsskala,5,Skriftlig,intern censur,Spring 2020,2020-02-01,2020-05-02,1
STNR014667,2332,COMPILERTEKNIK,12,7-trinsskala,5,Skriftlig,intern censur,Fall 2020,2020-08-01,2020-10-31,1
STNR014667,62530,NETVAERKSSIKKERHED,7,7-trinsskala,5,Skriftlig,intern censur,Fall 2020,2020-08-01,2020-10-31,1
STNR014667,62550,BRUGERINTERAKTION OG UDVIKLING PA MOBILE ENHEDER,12,7-trinsskala,10,Skriftlig,ekstern censur,Fall 2020,2020-08-01,2020-10-31,1
STNR014667,62588,OPERATIVSYSTEMER,12,7-trinsskala,5,Skriftlig,ekstern censur,Fall 2020,2020-08-01,2020-10-31,1
STNR014667,62598,KUNSTIG INTELLIGENS I COMPUTERSPIL,12,7-trinsskala,5,Skriftlig,intern censur,Fall 2020,2020-08-01,2020-10-31,1
STNR014667,PRA62-30,INGENIORPRAKTIK,BE,bestået/ikke bestået,30,Praktik,intern censur,Spring 2021,2021-02-01,2021-05-03,1
STNR014667,62416,VIDEREGAENDE MOBILAPPLIKATIONSUDVIKLING,7,7-trinsskala,5,Afløsningsopgave,intern censur,Fall 2021,2021-08-01,2021-10-31,1
STNR014667,62999,INNOVATION PILOT,7,7-trinsskala,10,Afløsningsopgave,intern censur,Fall 2021,2021-08-01,2021-10-31,1
STNR014668,2313,UDVIKLINGSMETODER TIL IT-SYSTEMER,10,7-trinsskala,5,Skriftlig,ekstern censur,Fall 2018,2018-08-01,2018-10-31,1
STNR014668,2315,VERSIONSSTYRING OG TESTMETODER,7,7-trinsskala,5,Afløsningsopgave,ekstern censur,Fall 2018,2018-08-01,2018-10-31,1
STNR014668,1920,BASISMAT 2 - VIDEREGAENDE MATEMATIK FOR DIPLOMINGENIORER,EM,7-trinsskala,5,Skriftlig,intern censur,"Spring 2020, Spring 2018, Spring 2020",2018-02-01,2018-11-01,3
STNR014668,1901,BASISMAT - INDLEDENDE MATEMATIK FOR DIPLOMINGENIORER,4,7-trinsskala,5,Afløsningsopgave,intern censur,"Fall 2018, Fall 2019",2018-08-01,2019-01-30,2
STNR014668,2324,VIDEREGAENDE PROGRAMMERING,12,7-trinsskala,10,Skriftlig,ekstern censur,Spring 2019,2019-02-01,2019-05-03,1
STNR014668,2326,ALGORITMER OG DATASTRUKTURER,4,7-trinsskala,5,Skriftlig,ekstern censur,Spring 2019,2019-02-01,2019-05-03,1
STNR014668,2327,INDLEDENDE DATABASER OG DATABASEPROGRAMMERING,4,7-trinsskala,5,Afløsningsopgave,intern censur,Spring 2019,2019-02-01,2019-05-03,1
STNR014668,62409,C PROGRAMMERING FOR JAVA PROGRAMMORER,2,7-trinsskala,5,Mundtlig,intern censur,Spring 2019,2019-02-01,2019-05-03,1
STNR014668,62577,DATAKOMMUNIKATION,4,7-trinsskala,5,Afløsningsopgave,ekstern censur,Spring 2019,2019-02-01,2019-05-03,1
STNR014668,1904,DISKRET MATEMATIK,4,7-trinsskala,5,Skriftlig,intern censur,Fall 2019,2019-08-01,2019-10-31,1
STNR014668,2312,INDLEDENDE PROGRAMMERING,10,7-trinsskala,10,Mundtlig,ekstern censur,Fall 2019,2019-08-01,2019-10-31,1
STNR014668,2369,SOFTWARE PROCESSER OG MONSTRE,BE,7-trinsskala,5,Afløsningsopgave,ekstern censur,Fall 2019,2019-08-01,2019-10-31,1
STNR014668,2323,INTRODUKTION TIL STATISTIK,2,7-trinsskala,5,Skriftlig,ekstern censur,"Fall 2019, Spring 2020",2019-08-01,2020-01-30,2
STNR014668,62410,CDIO-PROJEKT,10,7-trinsskala,10,Mundtlig,intern censur,Spring 2020,2020-02-01,2020-05-02,1
STNR014668,62413,AVANCERET OBJEKTORIENTERET PROGRAMMERING MED C# OG .NET,12,7-trinsskala,5,Mundtlig,intern censur,Spring 2020,2020-02-01,2020-05-02,1
STNR014668,62550,BRUGERINTERAKTION OG UDVIKLING PA MOBILE ENHEDER,4,7-trinsskala,10,Skriftlig,ekstern censur,Fall 2020,2020-08-01,2020-10-31,1
STNR014668,62588,OPERATIVSYSTEMER,EM,7-trinsskala,5,Skriftlig,ekstern censur,Fall 2020,2020-08-01,2020-10-31,1
STNR014668,2332,COMPILERTEKNIK,4,7-trinsskala,5,Skriftlig,intern censur,"Fall 2020, Fall 2021",2020-08-01,2021-01-30,2
STNR014668,2180,INTRODUKTION TIL KUNSTIG INTELLIGENS,0,7-trinsskala,5,Skriftlig,ekstern censur,Spring 2021,2021-02-01,2021-05-03,1
STNR014668,62573,PROGRAMMERING AF INTELLIGENTE KORETOJER OG MOBILE APPLIKATIONER,BE,bestået/ikke bestået,5,Afløsningsopgave,intern censur,Spring 2021,2021-02-01,2021-05-03,1
STNR014668,2346,DISTRIBUEREDE OG PARALLELLE SYSTEMER,0,7-trinsskala,5,Skriftlig,ekstern censur,"Spring 2021, Spring 2021",2021-02-01,2021-08-02,2
STNR014668,62437,VIDEREGAENDE MOBILAPPLIKATIONSUDVIKLING MED PROJEKT,7,7-trinsskala,10,Afløsningsopgave,intern censur,Fall 2021,2021-08-01,2021-10-31,1
STNR014668,62999,INNOVATION PILOT,10,7-trinsskala,10,Afløsningsopgave,intern censur,Fall 2021,2021-08-01,2021-10-31,1
STNR014670,2313,UDVIKLINGSMETODER TIL IT-SYSTEMER,12,7-trinsskala,5,Skriftlig,ekstern censur,Fall 2018,2018-08-01,2018-10-31,1
STNR014670,2315,VERSIONSSTYRING OG TESTMETODER,10,7-trinsskala,5,Afløsningsopgave,ekstern censur,Fall 2018,2018-08-01,2018-10-31,1
STNR014670,2324,VIDEREGAENDE PROGRAMMERING,12,7-trinsskala,10,Skriftlig,ekstern censur,Spring 2019,2019-02-01,2019-05-03,1
STNR014670,2327,INDLEDENDE DATABASER OG DATABASEPROGRAMMERING,7,7-trinsskala,5,Afløsningsopgave,intern censur,Spring 2019,2019-02-01,2019-05-03,1
STNR014670,62409,C PROGRAMMERING FOR JAVA PROGRAMMORER,10,7-trinsskala,5,Mundtlig,intern censur,Spring 2019,2019-02-01,2019-05-03,1
STNR014670,62577,DATAKOMMUNIKATION,12,7-trinsskala,5,Afløsningsopgave,ekstern censur,Spring 2019,2019-02-01,2019-05-03,1
STNR014670,1901,BASISMAT - INDLEDENDE MATEMATIK FOR DIPLOMINGENIORER,2,7-trinsskala,5,Afløsningsopgave,intern censur,Fall 2019,2019-08-01,2019-10-31,1
STNR014670,1904,DISKRET MATEMATIK,7,7-trinsskala,5,Skriftlig,intern censur,Fall 2019,2019-08-01,2019-10-31,1
STNR014670,2312,INDLEDENDE PROGRAMMERING,7,7-trinsskala,10,Mundtlig,ekstern censur,Fall 2019,2019-08-01,2019-10-31,1
STNR014670,2323,INTRODUKTION TIL STATISTIK,4,7-trinsskala,5,Skriftlig,ekstern censur,Fall 2019,2019-08-01,2019-10-31,1
STNR014670,2369,SOFTWARE PROCESSER OG MONSTRE,BE,7-trinsskala,5,Afløsningsopgave,ekstern censur,Fall 2019,2019-08-01,2019-10-31,1
STNR014670,1920,BASISMAT 2 - VIDEREGAENDE MATEMATIK FOR DIPLOMINGENIORER,4,7-trinsskala,5,Skriftlig,intern censur,Spring 2020,2020-02-01,2020-05-02,1
STNR014670,2326,ALGORITMER OG DATASTRUKTURER,2,7-trinsskala,5,Skriftlig,ekstern censur,Spring 2020,2020-02-01,2020-05-02,1
STNR014670,2346,DISTRIBUEREDE OG PARALLELLE SYSTEMER,2,7-trinsskala,5,Skriftlig,ekstern censur,Spring 2020,2020-02-01,2020-05-02,1
STNR014670,62410,CDIO-PROJEKT,10,7-trinsskala,10,Mundtlig,intern censur,Spring 2020,2020-02-01,2020-05-02,1
STNR014670,62413,AVANCERET OBJEKTORIENTERET PROGRAMMERING MED C# OG .NET,12,7-trinsskala,5,Mundtlig,intern censur,Spring 2020,2020-02-01,2020-05-02,1
STNR014670,2393,PROGRAMMERING I C++,BE,bestået/ikke bestået,5,Skriftlig,intern censur,Fall 2020,2020-08-01,2020-10-31,1
STNR014670,62407,INTERNET OF THINGS - TEORI OG PRAKSIS,12,7-trinsskala,5,Mundtlig,intern censur,Fall 2020,2020-08-01,2020-10-31,1
STNR014670,62530,NETVAERKSSIKKERHED,10,7-trinsskala,5,Skriftlig,intern censur,Fall 2020,2020-08-01,2020-10-31,1
STNR014670,62550,BRUGERINTERAKTION OG UDVIKLING PA MOBILE ENHEDER,12,7-trinsskala,10,Skriftlig,ekstern censur,Fall 2020,2020-08-01,2020-10-31,1
STNR014670,62588,OPERATIVSYSTEMER,4,7-trinsskala,5,Skriftlig,ekstern censur,Fall 2020,2020-08-01,2020-10-31,1
STNR014670,2193,ETISK HACKING,10,7-trinsskala,5,Afløsningsopgave,intern censur,Spring 2021,2021-02-01,2021-05-03,1
STNR014670,2332,COMPILERTEKNIK,7,7-trinsskala,5,Skriftlig,intern censur,Spring 2021,2021-02-01,2021-05-03,1
STNR014670,62575,SIKKERHED I INDLEJREDE SYSTEMER,12,7-trinsskala,5,Afløsningsopgave,intern censur,Spring 2021,2021-02-01,2021-05-03,1
STNR014670,62999,INNOVATION PILOT,12,7-trinsskala,10,Afløsningsopgave,intern censur,Spring 2021,2021-02-01,2021-05-03,1
STNR014670,62437,VIDEREGAENDE MOBILAPPLIKATIONSUDVIKLING MED PROJEKT,7,7-trinsskala,10,Afløsningsopgave,intern censur,Fall 2021,2021-08-01,2021-10-31,1
STNR014671,2313,UDVIKLINGSMETODER TIL IT-SYSTEMER,12,7-trinsskala,5,Skriftlig,ekstern censur,Fall 2018,2018-08-01,2018-10-31,1
STNR014671,2315,VERSIONSSTYRING OG TESTMETODER,12,7-trinsskala,5,Afløsningsopgave,ekstern censur,Fall 2018,2018-08-01,2018-10-31,1
STNR014671,2324,VIDEREGAENDE PROGRAMMERING,12,7-trinsskala,10,Skriftlig,ekstern censur,Spring 2019,2019-02-01,2019-05-03,1
STNR014671,2326,ALGORITMER OG DATASTRUKTURER,7,7-trinsskala,5,Skriftlig,ekstern censur,Spring 2019,2019-02-01,2019-05-03,1
STNR014671,2327,INDLEDENDE DATABASER OG DATABASEPROGRAMMERING,4,7-trinsskala,5,Afløsningsopgave,intern censur,Spring 2019,2019-02-01,2019-05-03,1
STNR014671,62409,C PROGRAMMERING FOR JAVA PROGRAMMORER,4,7-trinsskala,5,Mundtlig,intern censur,Spring 2019,2019-02-01,2019-05-03,1
STNR014671,62577,DATAKOMMUNIKATION,10,7-trinsskala,5,Afløsningsopgave,ekstern censur,Spring 2019,2019-02-01,2019-05-03,1
STNR014671,1901,BASISMAT - INDLEDENDE MATEMATIK FOR DIPLOMINGENIORER,7,7-trinsskala,5,Afløsningsopgave,intern censur,Fall 2019,2019-08-01,2019-10-31,1
STNR014671,1904,DISKRET MATEMATIK,10,7-trinsskala,5,Skriftlig,intern censur,Fall 2019,2019-08-01,2019-10-31,1
STNR014671,2312,INDLEDENDE PROGRAMMERING,10,7-trinsskala,10,Mundtlig,ekstern censur,Fall 2019,2019-08-01,2019-10-31,1
STNR014671,2369,SOFTWARE PROCESSER OG MONSTRE,BE,7-trinsskala,5,Afløsningsopgave,ekstern censur,Fall 2019,2019-08-01,2019-10-31,1
STNR014671,2323,INTRODUKTION TIL STATISTIK,IG,7-trinsskala,5,Skriftlig,ekstern censur,Spring 2020,2020-02-01,2020-05-02,1
STNR014671,62410,CDIO-PROJEKT,10,7-trinsskala,10,Mundtlig,intern censur,Spring 2020,2020-02-01,2020-05-02,1
STNR014671,62527,BIG DATA,EM,7-trinsskala,5,Skriftlig,ekstern censur,Spring 2020,2020-02-01,2020-05-02,1
STNR014671,2346,DISTRIBUEREDE OG PARALLELLE SYSTEMER,7,7-trinsskala,5,Skriftlig,ekstern censur,"Spring 2020, Spring 2021",2020-02-01,2020-08-01,2
STNR014671,1920,BASISMAT 2 - VIDEREGAENDE MATEMATIK FOR DIPLOMINGENIORER,4,7-trinsskala,5,Skriftlig,intern censur,"Spring 2020, Fall 2021, Spring 2021",2020-02-01,2020-10-31,3
STNR014671,2332,COMPILERTEKNIK,10,7-trinsskala,5,Skriftlig,intern censur,Fall 2020,2020-08-01,2020-10-31,1
STNR014671,62550,BRUGERINTERAKTION OG UDVIKLING PA MOBILE ENHEDER,10,7-trinsskala,10,Skriftlig,ekstern censur,Fall 2020,2020-08-01,2020-10-31,1
STNR014671,62588,OPERATIVSYSTEMER,7,7-trinsskala,5,Skriftlig,ekstern censur,Fall 2020,2020-08-01,2020-10-31,1
STNR014671,62413,AVANCERET OBJEKTORIENTERET PROGRAMMERING MED C# OG .NET,4,7-trinsskala,5,Mundtlig,intern censur,Spring 2021,2021-02-01,2021-05-03,1
STNR014671,62437,VIDEREGAENDE MOBILAPPLIKATIONSUDVIKLING MED PROJEKT,7,7-trinsskala,10,Afløsningsopgave,intern censur,Fall 2021,2021-08-01,2021-10-31,1
STNR014671,62999,INNOVATION PILOT,2,7-trinsskala,10,Afløsningsopgave,intern censur,Fall 2021,2021-08-01,2021-10-31,1
STNR014673,2313,UDVIKLINGSMETODER TIL IT-SYSTEMER,12,7-trinsskala,5,Skriftlig,ekstern censur,Fall 2018,2018-08-01,2018-10-31,1
STNR014673,2315,VERSIONSSTYRING OG TESTMETODER,12,7-trinsskala,5,Afløsningsopgave,ekstern censur,Fall 2018,2018-08-01,2018-10-31,1
STNR014673,2324,VIDEREGAENDE PROGRAMMERING,12,7-trinsskala,10,Skriftlig,ekstern censur,Spring 2019,2019-02-01,2019-05-03,1
STNR014673,2326,ALGORITMER OG DATASTRUKTURER,10,7-trinsskala,5,Skriftlig,ekstern censur,Spring 2019,2019-02-01,2019-05-03,1
STNR014673,2327,INDLEDENDE DATABASER OG DATABASEPROGRAMMERING,12,7-trinsskala,5,Afløsningsopgave,intern censur,Spring 2019,2019-02-01,2019-05-03,1
STNR014673,62409,C PROGRAMMERING FOR JAVA PROGRAMMORER,10,7-trinsskala,5,Mundtlig,intern censur,Spring 2019,2019-02-01,2019-05-03,1
STNR014673,62577,DATAKOMMUNIKATION,12,7-trinsskala,5,Afløsningsopgave,ekstern censur,Spring 2019,2019-02-01,2019-05-03,1
STNR014673,1901,BASISMAT - INDLEDENDE MATEMATIK FOR DIPLOMINGENIORER,7,7-trinsskala,5,Afløsningsopgave,intern censur,Fall 2019,2019-08-01,2019-10-31,1
STNR014673,1904,DISKRET MATEMATIK,12,7-trinsskala,5,Skriftlig,intern censur,Fall 2019,2019-08-01,2019-10-31,1
STNR014673,2312,INDLEDENDE PROGRAMMERING,12,7-trinsskala,10,Mundtlig,ekstern censur,Fall 2019,2019-08-01,2019-10-31,1
STNR014673,2323,INTRODUKTION TIL STATISTIK,10,7-trinsskala,5,Skriftlig,ekstern censur,Fall 2019,2019-08-01,2019-10-31,1
STNR014673,2369,SOFTWARE PROCESSER OG MONSTRE,BE,7-trinsskala,5,Afløsningsopgave,ekstern censur,Fall 2019,2019-08-01,2019-10-31,1
STNR014673,1920,BASISMAT 2 - VIDEREGAENDE MATEMATIK FOR DIPLOMINGENIORER,12,7-trinsskala,5,Skriftlig,intern censur,Spring 2020,2020-02-01,2020-05-02,1
STNR014673,2180,INTRODUKTION TIL KUNSTIG INTELLIGENS,10,7-trinsskala,5,Skriftlig,ekstern censur,Spring 2020,2020-02-01,2020-05-02,1
STNR014673,2346,DISTRIBUEREDE OG PARALLELLE SYSTEMER,10,7-trinsskala,5,Skriftlig,ekstern censur,Spring 2020,2020-02-01,2020-05-02,1
STNR014673,34315,INTERNET OF THINGS - APPLIKATION OG INFRASTRUKTUR UDVIKLING,10,bestået/ikke bestået,5,Skriftlig,intern censur,Spring 2020,2020-02-01,2020-05-02,1
STNR014673,62410,CDIO-PROJEKT,10,7-trinsskala,10,Mundtlig,intern censur,Spring 2020,2020-02-01,2020-05-02,1
STNR014673,2110,ALGORITMER OG DATASTRUKTURER 2,10,7-trinsskala,5,Skriftlig,ekstern censur,Fall 2020,2020-08-01,2020-10-31,1
STNR014673,2332,COMPILERTEKNIK,12,7-trinsskala,5,Skriftlig,intern censur,Fall 2020,2020-08-01,2020-10-31,1
STNR014673,62550,BRUGERINTERAKTION OG UDVIKLING PA MOBILE ENHEDER,10,7-trinsskala,10,Skriftlig,ekstern censur,Fall 2020,2020-08-01,2020-10-31,1
STNR014673,62588,OPERATIVSYSTEMER,12,7-trinsskala,5,Skriftlig,ekstern censur,Fall 2020,2020-08-01,2020-10-31,1
STNR014673,PRA62-30,INGENIORPRAKTIK,BE,bestået/ikke bestået,30,Praktik,intern censur,Spring 2021,2021-02-01,2021-05-03,1
STNR014673,2157,FUNKTIONSPROGRAMMERING,12,7-trinsskala,5,Skriftlig,ekstern censur,Fall 2021,2021-08-01,2021-10-31,1
STNR014673,2450,INTRODUKTION TIL MACHINE LEARNING OG DATA MINING,BE,7-trinsskala,5,Skriftlig,ekstern censur,Fall 2021,2021-08-01,2021-10-31,1
STNR014673,2807,BEREGNINGSMAESSIGE VAERKTOJER TIL DATAVIDENSKAB,12,7-trinsskala,5,Afløsningsopgave,intern censur,Fall 2021,2021-08-01,2021-10-31,1
STNR014673,62999,INNOVATION PILOT,7,7-trinsskala,10,Afløsningsopgave,intern censur,Fall 2021,2021-08-01,2021-10-31,1
STNR014675,2313,UDVIKLINGSMETODER TIL IT-SYSTEMER,10,7-trinsskala,5,Skriftlig,ekstern censur,Fall 2018,2018-08-01,2018-10-31,1
STNR014675,2315,VERSIONSSTYRING OG TESTMETODER,10,7-trinsskala,5,Afløsningsopgave,ekstern censur,Fall 2018,2018-08-01,2018-10-31,1
STNR014675,2324,VIDEREGAENDE PROGRAMMERING,12,7-trinsskala,10,Skriftlig,ekstern censur,Spring 2019,2019-02-01,2019-05-03,1
STNR014675,2326,ALGORITMER OG DATASTRUKTURER,10,7-trinsskala,5,Skriftlig,ekstern censur,Spring 2019,2019-02-01,2019-05-03,1
STNR014675,2327,INDLEDENDE DATABASER OG DATABASEPROGRAMMERING,4,7-trinsskala,5,Afløsningsopgave,intern censur,Spring 2019,2019-02-01,2019-05-03,1
STNR014675,62409,C PROGRAMMERING FOR JAVA PROGRAMMORER,10,7-trinsskala,5,Mundtlig,intern censur,Spring 2019,2019-02-01,2019-05-03,1
STNR014675,62577,DATAKOMMUNIKATION,12,7-trinsskala,5,Afløsningsopgave,ekstern censur,Spring 2019,2019-02-01,2019-05-03,1
STNR014675,1901,BASISMAT - INDLEDENDE MATEMATIK FOR DIPLOMINGENIORER,7,7-trinsskala,5,Afløsningsopgave,intern censur,Fall 2019,2019-08-01,2019-10-31,1
STNR014675,1904,DISKRET MATEMATIK,10,7-trinsskala,5,Skriftlig,intern censur,Fall 2019,2019-08-01,2019-10-31,1
STNR014675,2312,INDLEDENDE PROGRAMMERING,12,7-trinsskala,10,Mundtlig,ekstern censur,Fall 2019,2019-08-01,2019-10-31,1
STNR014675,2323,INTRODUKTION TIL STATISTIK,7,7-trinsskala,5,Skriftlig,ekstern censur,Fall 2019,2019-08-01,2019-10-31,1
STNR014675,2369,SOFTWARE PROCESSER OG MONSTRE,BE,7-trinsskala,5,Afløsningsopgave,ekstern censur,Fall 2019,2019-08-01,2019-10-31,1
STNR014675,1920,BASISMAT 2 - VIDEREGAENDE MATEMATIK FOR DIPLOMINGENIORER,7,7-trinsskala,5,Skriftlig,intern censur,Spring 2020,2020-02-01,2020-05-02,1
STNR014675,2346,DISTRIBUEREDE OG PARALLELLE SYSTEMER,4,7-trinsskala,5,Skriftlig,ekstern censur,Spring 2020,2020-02-01,2020-05-02,1
STNR014675,62410,CDIO-PROJEKT,10,7-trinsskala,10,Mundtlig,intern censur,Spring 2020,2020-02-01,2020-05-02,1
STNR014675,62501,LINUX SERVER OG NETVAERK,10,7-trinsskala,5,Skriftlig,intern censur,Spring 2020,2020-02-01,2020-05-02,1
STNR014675,62596,DISTRIBUEREDE SYSTEMER,10,7-trinsskala,5,Skriftlig,intern censur,Spring 2020,2020-02-01,2020-05-02,1
STNR014675,2332,COMPILERTEKNIK,7,7-trinsskala,5,Skriftlig,intern censur,Fall 2020,2020-08-01,2020-10-31,1
STNR014675,2393,PROGRAMMERING I C++,BE,bestået/ikke bestået,5,Skriftlig,intern censur,Fall 2020,2020-08-01,2020-10-31,1
STNR014675,62530,NETVAERKSSIKKERHED,7,7-trinsskala,5,Skriftlig,intern censur,Fall 2020,2020-08-01,2020-10-31,1
STNR014675,62550,BRUGERINTERAKTION OG UDVIKLING PA MOBILE ENHEDER,10,7-trinsskala,10,Skriftlig,ekstern censur,Fall 2020,2020-08-01,2020-10-31,1
STNR014675,62588,OPERATIVSYSTEMER,7,7-trinsskala,5,Skriftlig,ekstern censur,Fall 2020,2020-08-01,2020-10-31,1
STNR014675,PRA62-30,INGENIORPRAKTIK,BE,bestået/ikke bestået,30,Praktik,intern censur,Spring 2021,2021-02-01,2021-05-03,1
STNR014675,2148,INTRODUKTION TIL KOORDINERING AF FORDELTE APPLIKATIONER,7,7-trinsskala,5,Skriftlig,intern censur,Fall 2021,2021-08-01,2021-10-31,1
STNR014675,62416,VIDEREGAENDE MOBILAPPLIKATIONSUDVIKLING,7,7-trinsskala,5,Afløsningsopgave,intern censur,Fall 2021,2021-08-01,2021-10-31,1
STNR014675,62999,INNOVATION PILOT,7,7-trinsskala,10,Afløsningsopgave,intern censur,Fall 2021,2021-08-01,2021-10-31,1
STNR014676,2313,UDVIKLINGSMETODER TIL IT-SYSTEMER,2,7-trinsskala,5,Skriftlig,ekstern censur,Fall 2018,2018-08-01,2018-10-31,1
STNR014676,2315,VERSIONSSTYRING OG TESTMETODER,7,7-trinsskala,5,Afløsningsopgave,ekstern censur,Fall 2018,2018-08-01,2018-10-31,1
STNR014676,2324,VIDEREGAENDE PROGRAMMERING,12,7-trinsskala,10,Skriftlig,ekstern censur,Spring 2019,2019-02-01,2019-05-03,1
STNR014676,2326,ALGORITMER OG DATASTRUKTURER,2,7-trinsskala,5,Skriftlig,ekstern censur,Spring 2019,2019-02-01,2019-05-03,1
STNR014676,2327,INDLEDENDE DATABASER OG DATABASEPROGRAMMERING,4,7-trinsskala,5,Afløsningsopgave,intern censur,Spring 2019,2019-02-01,2019-05-03,1
STNR014676,62409,C PROGRAMMERING FOR JAVA PROGRAMMORER,4,7-trinsskala,5,Mundtlig,intern censur,Spring 2019,2019-02-01,2019-05-03,1
STNR014676,62577,DATAKOMMUNIKATION,7,7-trinsskala,5,Afløsningsopgave,ekstern censur,Spring 2019,2019-02-01,2019-05-03,1
STNR014676,1901,BASISMAT - INDLEDENDE MATEMATIK FOR DIPLOMINGENIORER,10,7-trinsskala,5,Afløsningsopgave,intern censur,Fall 2019,2019-08-01,2019-10-31,1
STNR014676,1904,DISKRET MATEMATIK,7,7-trinsskala,5,Skriftlig,intern censur,Fall 2019,2019-08-01,2019-10-31,1
STNR014676,2312,INDLEDENDE PROGRAMMERING,7,7-trinsskala,10,Mundtlig,ekstern censur,Fall 2019,2019-08-01,2019-10-31,1
STNR014676,2323,INTRODUKTION TIL STATISTIK,4,7-trinsskala,5,Skriftlig,ekstern censur,Fall 2019,2019-08-01,2019-10-31,1
STNR014676,2369,SOFTWARE PROCESSER OG MONSTRE,BE,7-trinsskala,5,Afløsningsopgave,ekstern censur,Fall 2019,2019-08-01,2019-10-31,1
STNR014676,1920,BASISMAT 2 - VIDEREGAENDE MATEMATIK FOR DIPLOMINGENIORER,7,7-trinsskala,5,Skriftlig,intern censur,Spring 2020,2020-02-01,2020-05-02,1
STNR014676,2180,INTRODUKTION TIL KUNSTIG INTELLIGENS,4,7-trinsskala,5,Skriftlig,ekstern censur,Spring 2020,2020-02-01,2020-05-02,1
STNR014676,2346,DISTRIBUEREDE OG PARALLELLE SYSTEMER,4,7-trinsskala,5,Skriftlig,ekstern censur,Spring 2020,2020-02-01,2020-05-02,1
STNR014676,62410,CDIO-PROJEKT,4,7-trinsskala,10,Mundtlig,intern censur,Spring 2020,2020-02-01,2020-05-02,1
STNR014676,62501,LINUX SERVER OG NETVAERK,10,7-trinsskala,5,Skriftlig,intern censur,Spring 2020,2020-02-01,2020-05-02,1
STNR014676,2332,COMPILERTEKNIK,7,7-trinsskala,5,Skriftlig,intern censur,Fall 2020,2020-08-01,2020-10-31,1
STNR014676,62407,INTERNET OF THINGS - TEORI OG PRAKSIS,4,7-trinsskala,5,Mundtlig,intern censur,Fall 2020,2020-08-01,2020-10-31,1
STNR014676,62530,NETVAERKSSIKKERHED,7,7-trinsskala,5,Skriftlig,intern censur,Fall 2020,2020-08-01,2020-10-31,1
STNR014676,62550,BRUGERINTERAKTION OG UDVIKLING PA MOBILE ENHEDER,10,7-trinsskala,10,Skriftlig,ekstern censur,Fall 2020,2020-08-01,2020-10-31,1
STNR014676,62588,OPERATIVSYSTEMER,12,7-trinsskala,5,Skriftlig,ekstern censur,Fall 2020,2020-08-01,2020-10-31,1
STNR014676,62598,KUNSTIG INTELLIGENS I COMPUTERSPIL,10,7-trinsskala,5,Skriftlig,intern censur,Fall 2020,2020-08-01,2020-10-31,1
STNR014676,62437,VIDEREGAENDE MOBILAPPLIKATIONSUDVIKLING MED PROJEKT,7,7-trinsskala,10,Afløsningsopgave,intern censur,Fall 2021,2021-08-01,2021-10-31,1
STNR014676,62999,INNOVATION PILOT,12,7-trinsskala,10,Afløsningsopgave,intern censur,Fall 2021,2021-08-01,2021-10-31,1
STNR014682,2313,UDVIKLINGSMETODER TIL IT-SYSTEMER,12,7-trinsskala,5,Skriftlig,ekstern censur,Fall 2017,2017-08-01,2017-10-31,1
STNR014682,2315,VERSIONSSTYRING OG TESTMETODER,12,7-trinsskala,5,Afløsningsopgave,ekstern censur,Fall 2017,2017-08-01,2017-10-31,1
STNR014682,2324,VIDEREGAENDE PROGRAMMERING,12,7-trinsskala,10,Skriftlig,ekstern censur,Spring 2018,2018-02-01,2018-05-03,1
STNR014682,2326,ALGORITMER OG DATASTRUKTURER,10,7-trinsskala,5,Skriftlig,ekstern censur,Spring 2018,2018-02-01,2018-05-03,1
STNR014682,2327,INDLEDENDE DATABASER OG DATABASEPROGRAMMERING,10,7-trinsskala,5,Afløsningsopgave,intern censur,Spring 2018,2018-02-01,2018-05-03,1
STNR014682,62409,C PROGRAMMERING FOR JAVA PROGRAMMORER,12,7-trinsskala,5,Mundtlig,intern censur,Spring 2018,2018-02-01,2018-05-03,1
STNR014682,62577,DATAKOMMUNIKATION,12,7-trinsskala,5,Afløsningsopgave,ekstern censur,Spring 2018,2018-02-01,2018-05-03,1
STNR014682,1901,BASISMAT - INDLEDENDE MATEMATIK FOR DIPLOMINGENIORER,10,7-trinsskala,5,Afløsningsopgave,intern censur,Fall 2018,2018-08-01,2018-10-31,1
STNR014682,1904,DISKRET MATEMATIK,7,7-trinsskala,5,Skriftlig,intern censur,Fall 2018,2018-08-01,2018-10-31,1
STNR014682,2312,INDLEDENDE PROGRAMMERING,7,7-trinsskala,10,Mundtlig,ekstern censur,Fall 2018,2018-08-01,2018-10-31,1
STNR014682,2323,INTRODUKTION TIL STATISTIK,7,7-trinsskala,5,Skriftlig,ekstern censur,Fall 2018,2018-08-01,2018-10-31,1
STNR014682,2369,SOFTWARE PROCESSER OG MONSTRE,12,7-trinsskala,5,Afløsningsopgave,ekstern censur,Fall 2018,2018-08-01,2018-10-31,1
STNR014682,1920,BASISMAT 2 - VIDEREGAENDE MATEMATIK FOR DIPLOMINGENIORER,12,7-trinsskala,5,Skriftlig,intern censur,Spring 2019,2019-02-01,2019-05-03,1
STNR014682,2346,DISTRIBUEREDE OG PARALLELLE SYSTEMER,12,7-trinsskala,5,Skriftlig,ekstern censur,Spring 2019,2019-02-01,2019-05-03,1
STNR014682,62413,AVANCERET OBJEKTORIENTERET PROGRAMMERING MED C# OG .NET,12,7-trinsskala,5,Mundtlig,intern censur,Spring 2019,2019-02-01,2019-05-03,1
STNR014682,62410,CDIO-PROJEKT,EM,7-trinsskala,10,Mundtlig,intern censur,"Spring 2019, Spring 2019",2019-02-01,2019-08-02,2
STNR014682,2110,ALGORITMER OG DATASTRUKTURER 2,4,7-trinsskala,5,Skriftlig,ekstern censur,Fall 2019,2019-08-01,2019-10-31,1
STNR014682,2332,COMPILERTEKNIK,10,7-trinsskala,5,Skriftlig,intern censur,Fall 2019,2019-08-01,2019-10-31,1
STNR014682,62550,BRUGERINTERAKTION OG UDVIKLING PA MOBILE ENHEDER,12,7-trinsskala,10,Skriftlig,ekstern censur,Fall 2019,2019-08-01,2019-10-31,1
STNR014682,62588,OPERATIVSYSTEMER,7,7-trinsskala,5,Skriftlig,ekstern censur,Fall 2019,2019-08-01,2019-10-31,1
STNR014682,S62-05-1,SPECIALKURSUS VED INSTITUT FOR INGENIORTEKNOLOGI OG -DIDAKTIK,BE,7-trinsskala,5,Projekt,intern censur,Fall 2019,2019-08-01,2019-10-31,1
STNR014682,PRA62-30,INGENIORPRAKTIK,BE,bestået/ikke bestået,30,Praktik,intern censur,Spring 2020,2020-02-01,2020-05-02,1
STNR014682,2148,INTRODUKTION TIL KOORDINERING AF FORDELTE APPLIKATIONER,10,7-trinsskala,5,Skriftlig,intern censur,Fall 2020,2020-08-01,2020-10-31,1
STNR014682,2393,PROGRAMMERING I C++,BE,bestået/ikke bestået,5,Skriftlig,intern censur,Fall 2020,2020-08-01,2020-10-31,1
STNR014682,62598,KUNSTIG INTELLIGENS I COMPUTERSPIL,7,7-trinsskala,5,Skriftlig,intern censur,Fall 2020,2020-08-01,2020-10-31,1
STNR014682,62999,INNOVATION PILOT,12,7-trinsskala,10,Afløsningsopgave,intern censur,Fall 2020,2020-08-01,2020-10-31,1
STNR014682,DE62-20,INSTITUT FOR INGENIORTEKNOLOGI OG -DIDAKTIK,12,7-trinsskala,20,Projekt,ekstern censur,Spring 2021,2021-02-01,2021-05-03,1
STNR014682,62437,VIDEREGAENDE MOBILAPPLIKATIONSUDVIKLING MED PROJEKT,12,7-trinsskala,10,Afløsningsopgave,intern censur,Fall 2021,2021-08-01,2021-10-31,1
STNR014684,2313,UDVIKLINGSMETODER TIL IT-SYSTEMER,12,7-trinsskala,5,Skriftlig,ekstern censur,Fall 2017,2017-08-01,2017-10-31,1
STNR014684,2315,VERSIONSSTYRING OG TESTMETODER,12,7-trinsskala,5,Afløsningsopgave,ekstern censur,Fall 2017,2017-08-01,2017-10-31,1
STNR014684,2324,VIDEREGAENDE PROGRAMMERING,12,7-trinsskala,10,Skriftlig,ekstern censur,Spring 2018,2018-02-01,2018-05-03,1
STNR014684,2326,ALGORITMER OG DATASTRUKTURER,12,7-trinsskala,5,Skriftlig,ekstern censur,Spring 2018,2018-02-01,2018-05-03,1
STNR014684,2327,INDLEDENDE DATABASER OG DATABASEPROGRAMMERING,12,7-trinsskala,5,Afløsningsopgave,intern censur,Spring 2018,2018-02-01,2018-05-03,1
STNR014684,62409,C PROGRAMMERING FOR JAVA PROGRAMMORER,12,7-trinsskala,5,Mundtlig,intern censur,Spring 2018,2018-02-01,2018-05-03,1
STNR014684,62577,DATAKOMMUNIKATION,12,7-trinsskala,5,Afløsningsopgave,ekstern censur,Spring 2018,2018-02-01,2018-05-03,1
STNR014684,1901,BASISMAT - INDLEDENDE MATEMATIK FOR DIPLOMINGENIORER,12,7-trinsskala,5,Afløsningsopgave,intern censur,Fall 2018,2018-08-01,2018-10-31,1
STNR014684,1904,DISKRET MATEMATIK,12,7-trinsskala,5,Skriftlig,intern censur,Fall 2018,2018-08-01,2018-10-31,1
STNR014684,2312,INDLEDENDE PROGRAMMERING,10,7-trinsskala,10,Mundtlig,ekstern censur,Fall 2018,2018-08-01,2018-10-31,1
STNR014684,2323,INTRODUKTION TIL STATISTIK,10,7-trinsskala,5,Skriftlig,ekstern censur,Fall 2018,2018-08-01,2018-10-31,1
STNR014684,2369,SOFTWARE PROCESSER OG MONSTRE,12,7-trinsskala,5,Afløsningsopgave,ekstern censur,Fall 2018,2018-08-01,2018-10-31,1
STNR014684,1920,BASISMAT 2 - VIDEREGAENDE MATEMATIK FOR DIPLOMINGENIORER,12,7-trinsskala,5,Skriftlig,intern censur,Spring 2019,2019-02-01,2019-05-03,1
STNR014684,2346,DISTRIBUEREDE OG PARALLELLE SYSTEMER,12,7-trinsskala,5,Skriftlig,ekstern censur,Spring 2019,2019-02-01,2019-05-03,1
STNR014684,62413,AVANCERET OBJEKTORIENTERET PROGRAMMERING MED C# OG .NET,12,7-trinsskala,5,Mundtlig,intern censur,Spring 2019,2019-02-01,2019-05-03,1
STNR014684,62410,CDIO-PROJEKT,EM,7-trinsskala,10,Mundtlig,intern censur,"Spring 2019, Spring 2019",2019-02-01,2019-08-02,2
STNR014684,2110,ALGORITMER OG DATASTRUKTURER 2,12,7-trinsskala,5,Skriftlig,ekstern censur,Fall 2019,2019-08-01,2019-10-31,1
STNR014684,2332,COMPILERTEKNIK,12,7-trinsskala,5,Skriftlig,intern censur,Fall 2019,2019-08-01,2019-10-31,1
STNR014684,62550,BRUGERINTERAKTION OG UDVIKLING PA MOBILE ENHEDER,12,7-trinsskala,10,Skriftlig,ekstern censur,Fall 2019,2019-08-01,2019-10-31,1
STNR014684,62588,OPERATIVSYSTEMER,12,7-trinsskala,5,Skriftlig,ekstern censur,Fall 2019,2019-08-01,2019-10-31,1
STNR014684,62598,KUNSTIG INTELLIGENS I COMPUTERSPIL,12,7-trinsskala,5,Skriftlig,intern censur,Fall 2019,2019-08-01,2019-10-31,1
STNR014684,S62-05-1,SPECIALKURSUS VED INSTITUT FOR INGENIORTEKNOLOGI OG -DIDAKTIK,BE,7-trinsskala,5,Projekt,intern censur,Fall 2019,2019-08-01,2019-10-31,1
STNR014684,PRA62-30,INGENIORPRAKTIK,BE,bestået/ikke bestået,30,Praktik,intern censur,Spring 2020,2020-02-01,2020-05-02,1
STNR014684,2148,INTRODUKTION TIL KOORDINERING AF FORDELTE APPLIKATIONER,10,7-trinsskala,5,Skriftlig,intern censur,Fall 2020,2020-08-01,2020-10-31,1
STNR014684,62999,INNOVATION PILOT,12,7-trinsskala,10,Afløsningsopgave,intern censur,Fall 2020,2020-08-01,2020-10-31,1
STNR014684,DE62-20,INSTITUT FOR INGENIORTEKNOLOGI OG -DIDAKTIK,12,7-trinsskala,20,Projekt,ekstern censur,Fall 2020,2020-08-01,2020-10-31,1
STNR014684,62597,"BACKENDUDVIKLING, DRIFT OG DISTRIBUEREDE SYSTEMER",12,7-trinsskala,5,Skriftlig,intern censur,Spring 2021,2021-02-01,2021-05-03,1
STNR014684,42611,INGENIORFAGETS VIDENSKABSTEORI (AUGUST),BE,7-trinsskala,5,Afløsningsopgave,intern censur,Fall 2021,2021-08-01,2021-10-31,1
STNR014684,62416,VIDEREGAENDE MOBILAPPLIKATIONSUDVIKLING,12,7-trinsskala,5,Afløsningsopgave,intern censur,Fall 2021,2021-08-01,2021-10-31,1
STNR014686,2313,UDVIKLINGSMETODER TIL IT-SYSTEMER,12,7-trinsskala,5,Skriftlig,ekstern censur,Fall 2017,2017-08-01,2017-10-31,1
STNR014686,2315,VERSIONSSTYRING OG TESTMETODER,12,7-trinsskala,5,Afløsningsopgave,ekstern censur,Fall 2017,2017-08-01,2017-10-31,1
STNR014686,2324,VIDEREGAENDE PROGRAMMERING,12,7-trinsskala,10,Skriftlig,ekstern censur,Spring 2018,2018-02-01,2018-05-03,1
STNR014686,2326,ALGORITMER OG DATASTRUKTURER,10,7-trinsskala,5,Skriftlig,ekstern censur,Spring 2018,2018-02-01,2018-05-03,1
STNR014686,2327,INDLEDENDE DATABASER OG DATABASEPROGRAMMERING,12,7-trinsskala,5,Afløsningsopgave,intern censur,Spring 2018,2018-02-01,2018-05-03,1
STNR014686,62409,C PROGRAMMERING FOR JAVA PROGRAMMORER,12,7-trinsskala,5,Mundtlig,intern censur,Spring 2018,2018-02-01,2018-05-03,1
STNR014686,62577,DATAKOMMUNIKATION,12,7-trinsskala,5,Afløsningsopgave,ekstern censur,Spring 2018,2018-02-01,2018-05-03,1
STNR014686,1901,BASISMAT - INDLEDENDE MATEMATIK FOR DIPLOMINGENIORER,12,7-trinsskala,5,Afløsningsopgave,intern censur,Fall 2018,2018-08-01,2018-10-31,1
STNR014686,1904,DISKRET MATEMATIK,12,7-trinsskala,5,Skriftlig,intern censur,Fall 2018,2018-08-01,2018-10-31,1
STNR014686,2312,INDLEDENDE PROGRAMMERING,12,7-trinsskala,10,Mundtlig,ekstern censur,Fall 2018,2018-08-01,2018-10-31,1
STNR014686,2323,INTRODUKTION TIL STATISTIK,12,7-trinsskala,5,Skriftlig,ekstern censur,Fall 2018,2018-08-01,2018-10-31,1
STNR014686,2369,SOFTWARE PROCESSER OG MONSTRE,12,7-trinsskala,5,Afløsningsopgave,ekstern censur,Fall 2018,2018-08-01,2018-10-31,1
STNR014686,1920,BASISMAT 2 - VIDEREGAENDE MATEMATIK FOR DIPLOMINGENIORER,12,7-trinsskala,5,Skriftlig,intern censur,Spring 2019,2019-02-01,2019-05-03,1
STNR014686,2346,DISTRIBUEREDE OG PARALLELLE SYSTEMER,12,7-trinsskala,5,Skriftlig,ekstern censur,Spring 2019,2019-02-01,2019-05-03,1
STNR014686,62410,CDIO-PROJEKT,10,7-trinsskala,10,Mundtlig,intern censur,Spring 2019,2019-02-01,2019-05-03,1
STNR014686,62413,AVANCERET OBJEKTORIENTERET PROGRAMMERING MED C# OG .NET,12,7-trinsskala,5,Mundtlig,intern censur,"Spring 2019, Spring 2021",2019-02-01,2019-08-02,2
STNR014686,2332,COMPILERTEKNIK,12,7-trinsskala,5,Skriftlig,intern censur,Fall 2019,2019-08-01,2019-10-31,1
STNR014686,62550,BRUGERINTERAKTION OG UDVIKLING PA MOBILE ENHEDER,12,7-trinsskala,10,Skriftlig,ekstern censur,Fall 2019,2019-08-01,2019-10-31,1
STNR014686,62588,OPERATIVSYSTEMER,12,7-trinsskala,5,Skriftlig,ekstern censur,Fall 2019,2019-08-01,2019-10-31,1
STNR014686,1410,KRYPTOLOGI 1,12,7-trinsskala,5,Skriftlig,ekstern censur,Spring 2020,2020-02-01,2020-05-02,1
STNR014686,2180,INTRODUKTION TIL KUNSTIG INTELLIGENS,7,7-trinsskala,5,Skriftlig,ekstern censur,Spring 2020,2020-02-01,2020-05-02,1
STNR014686,62501,LINUX SERVER OG NETVAERK,10,7-trinsskala,5,Skriftlig,intern censur,Spring 2020,2020-02-01,2020-05-02,1
STNR014686,62530,NETVAERKSSIKKERHED,10,7-trinsskala,5,Skriftlig,intern censur,Spring 2020,2020-02-01,2020-05-02,1
STNR014686,1227,GRAFTEORI,7,7-trinsskala,5,Skriftlig,ekstern censur,Spring 2021,2021-02-01,2021-05-03,1
STNR014686,2450,INTRODUKTION TIL MACHINE LEARNING OG DATA MINING,7,7-trinsskala,5,Skriftlig,ekstern censur,Spring 2021,2021-02-01,2021-05-03,1
STNR014686,62999,INNOVATION PILOT,7,7-trinsskala,10,Afløsningsopgave,intern censur,Spring 2021,2021-02-01,2021-05-03,1
STNR014686,PRA62-30,INGENIORPRAKTIK,BE,bestået/ikke bestået,30,Praktik,intern censur,Fall 2021,2021-08-01,2021-10-31,1
STNR014688,2313,UDVIKLINGSMETODER TIL IT-SYSTEMER,12,7-trinsskala,5,Skriftlig,ekstern censur,Fall 2017,2017-08-01,2017-10-31,1
STNR014688,2315,VERSIONSSTYRING OG TESTMETODER,7,7-trinsskala,5,Afløsningsopgave,ekstern censur,Fall 2017,2017-08-01,2017-10-31,1
STNR014688,2324,VIDEREGAENDE PROGRAMMERING,10,7-trinsskala,10,Skriftlig,ekstern censur,Spring 2018,2018-02-01,2018-05-03,1
STNR014688,2326,ALGORITMER OG DATASTRUKTURER,7,7-trinsskala,5,Skriftlig,ekstern censur,Spring 2018,2018-02-01,2018-05-03,1
STNR014688,2327,INDLEDENDE DATABASER OG DATABASEPROGRAMMERING,10,7-trinsskala,5,Afløsningsopgave,intern censur,Spring 2018,2018-02-01,2018-05-03,1
STNR014688,62409,C PROGRAMMERING FOR JAVA PROGRAMMORER,7,7-trinsskala,5,Mundtlig,intern censur,Spring 2018,2018-02-01,2018-05-03,1
STNR014688,62577,DATAKOMMUNIKATION,4,7-trinsskala,5,Afløsningsopgave,ekstern censur,Spring 2018,2018-02-01,2018-05-03,1
STNR014688,1901,BASISMAT - INDLEDENDE MATEMATIK FOR DIPLOMINGENIORER,4,7-trinsskala,5,Afløsningsopgave,intern censur,Fall 2018,2018-08-01,2018-10-31,1
STNR014688,1904,DISKRET MATEMATIK,7,7-trinsskala,5,Skriftlig,intern censur,Fall 2018,2018-08-01,2018-10-31,1
STNR014688,2312,INDLEDENDE PROGRAMMERING,4,7-trinsskala,10,Mundtlig,ekstern censur,Fall 2018,2018-08-01,2018-10-31,1
STNR014688,2323,INTRODUKTION TIL STATISTIK,4,7-trinsskala,5,Skriftlig,ekstern censur,Fall 2018,2018-08-01,2018-10-31,1
STNR014688,2369,SOFTWARE PROCESSER OG MONSTRE,12,7-trinsskala,5,Afløsningsopgave,ekstern censur,Fall 2018,2018-08-01,2018-10-31,1
STNR014688,1920,BASISMAT 2 - VIDEREGAENDE MATEMATIK FOR DIPLOMINGENIORER,7,7-trinsskala,5,Skriftlig,intern censur,Spring 2019,2019-02-01,2019-05-03,1
STNR014688,2346,DISTRIBUEREDE OG PARALLELLE SYSTEMER,7,7-trinsskala,5,Skriftlig,ekstern censur,Spring 2019,2019-02-01,2019-05-03,1
STNR014688,62410,CDIO-PROJEKT,10,7-trinsskala,10,Mundtlig,intern censur,Spring 2019,2019-02-01,2019-05-03,1
STNR014688,62413,AVANCERET OBJEKTORIENTERET PROGRAMMERING MED C# OG .NET,7,7-trinsskala,5,Mundtlig,intern censur,Spring 2019,2019-02-01,2019-05-03,1
STNR014688,62501,LINUX SERVER OG NETVAERK,10,7-trinsskala,5,Skriftlig,intern censur,Spring 2019,2019-02-01,2019-05-03,1
STNR014688,2332,COMPILERTEKNIK,7,7-trinsskala,5,Skriftlig,intern censur,Fall 2019,2019-08-01,2019-10-31,1
STNR014688,62407,INTERNET OF THINGS - TEORI OG PRAKSIS,7,7-trinsskala,5,Mundtlig,intern censur,Fall 2019,2019-08-01,2019-10-31,1
STNR014688,62550,BRUGERINTERAKTION OG UDVIKLING PA MOBILE ENHEDER,10,7-trinsskala,10,Skriftlig,ekstern censur,Fall 2019,2019-08-01,2019-10-31,1
STNR014688,62588,OPERATIVSYSTEMER,2,7-trinsskala,5,Skriftlig,ekstern censur,Fall 2019,2019-08-01,2019-10-31,1
STNR014688,62598,KUNSTIG INTELLIGENS I COMPUTERSPIL,7,7-trinsskala,5,Skriftlig,intern censur,Fall 2019,2019-08-01,2019-10-31,1
STNR014688,S62-05-1,SPECIALKURSUS VED INSTITUT FOR INGENIORTEKNOLOGI OG -DIDAKTIK,BE,7-trinsskala,5,Projekt,intern censur,Fall 2019,2019-08-01,2019-10-31,1
STNR014688,PRA62-30,INGENIORPRAKTIK,BE,bestået/ikke bestået,30,Praktik,intern censur,Spring 2020,2020-02-01,2020-05-02,1
STNR014688,62416,VIDEREGAENDE MOBILAPPLIKATIONSUDVIKLING,7,7-trinsskala,5,Mundtlig,intern censur,Fall 2020,2020-08-01,2020-10-31,1
STNR014688,62999,INNOVATION PILOT,10,7-trinsskala,10,Afløsningsopgave,intern censur,Fall 2020,2020-08-01,2020-10-31,1
STNR014688,62597,"BACKENDUDVIKLING, DRIFT OG DISTRIBUEREDE SYSTEMER",10,7-trinsskala,5,Skriftlig,intern censur,Spring 2021,2021-02-01,2021-05-03,1
STNR014688,DE62-20,INSTITUT FOR INGENIORTEKNOLOGI OG -DIDAKTIK,7,7-trinsskala,20,Projekt,ekstern censur,Spring 2021,2021-02-01,2021-05-03,1
STNR014688,62527,BIG DATA,12,7-trinsskala,5,Skriftlig,ekstern censur,Fall 2021,2021-08-01,2021-10-31,1
STNR018810,1901,BASISMAT - INDLEDENDE MATEMATIK FOR DIPLOMINGENIORER,7,7-trinsskala,5,Afløsningsopgave,intern censur,Fall 2018,2018-08-01,2018-10-31,1
STNR018810,2313,UDVIKLINGSMETODER TIL IT-SYSTEMER,12,7-trinsskala,5,Skriftlig,ekstern censur,Fall 2018,2018-08-01,2018-10-31,1
STNR018810,2315,VERSIONSSTYRING OG TESTMETODER,7,7-trinsskala,5,Afløsningsopgave,ekstern censur,Fall 2018,2018-08-01,2018-10-31,1
STNR018810,2324,VIDEREGAENDE PROGRAMMERING,12,7-trinsskala,10,Skriftlig,ekstern censur,Spring 2019,2019-02-01,2019-05-03,1
STNR018810,2326,ALGORITMER OG DATASTRUKTURER,2,7-trinsskala,5,Skriftlig,ekstern censur,Spring 2019,2019-02-01,2019-05-03,1
STNR018810,2327,INDLEDENDE DATABASER OG DATABASEPROGRAMMERING,7,7-trinsskala,5,Afløsningsopgave,intern censur,Spring 2019,2019-02-01,2019-05-03,1
STNR018810,62409,C PROGRAMMERING FOR JAVA PROGRAMMORER,7,7-trinsskala,5,Mundtlig,intern censur,Spring 2019,2019-02-01,2019-05-03,1
STNR018810,62577,DATAKOMMUNIKATION,4,7-trinsskala,5,Afløsningsopgave,ekstern censur,Spring 2019,2019-02-01,2019-05-03,1
STNR018810,1904,DISKRET MATEMATIK,7,7-trinsskala,5,Skriftlig,intern censur,Fall 2019,2019-08-01,2019-10-31,1
STNR018810,2312,INDLEDENDE PROGRAMMERING,10,7-trinsskala,10,Mundtlig,ekstern censur,Fall 2019,2019-08-01,2019-10-31,1
STNR018810,2369,SOFTWARE PROCESSER OG MONSTRE,BE,7-trinsskala,5,Afløsningsopgave,ekstern censur,Fall 2019,2019-08-01,2019-10-31,1
STNR018810,2323,INTRODUKTION TIL STATISTIK,4,7-trinsskala,5,Skriftlig,ekstern censur,"Fall 2019, Spring 2020",2019-08-01,2020-01-30,2
STNR018810,1920,BASISMAT 2 - VIDEREGAENDE MATEMATIK FOR DIPLOMINGENIORER,7,7-trinsskala,5,Skriftlig,intern censur,Spring 2020,2020-02-01,2020-05-02,1
STNR018810,2180,INTRODUKTION TIL KUNSTIG INTELLIGENS,10,7-trinsskala,5,Skriftlig,ekstern censur,Spring 2020,2020-02-01,2020-05-02,1
STNR018810,2346,DISTRIBUEREDE OG PARALLELLE SYSTEMER,7,7-trinsskala,5,Skriftlig,ekstern censur,Spring 2020,2020-02-01,2020-05-02,1
STNR018810,34315,INTERNET OF THINGS - APPLIKATION OG INFRASTRUKTUR UDVIKLING,10,bestået/ikke bestået,5,Skriftlig,intern censur,Spring 2020,2020-02-01,2020-05-02,1
STNR018810,62410,CDIO-PROJEKT,10,7-trinsskala,10,Mundtlig,intern censur,Spring 2020,2020-02-01,2020-05-02,1
STNR018810,2332,COMPILERTEKNIK,2,7-trinsskala,5,Skriftlig,intern censur,Fall 2020,2020-08-01,2020-10-31,1
STNR018810,62550,BRUGERINTERAKTION OG UDVIKLING PA MOBILE ENHEDER,7,7-trinsskala,10,Skriftlig,ekstern censur,Fall 2020,2020-08-01,2020-10-31,1
STNR018810,62588,OPERATIVSYSTEMER,4,7-trinsskala,5,Skriftlig,ekstern censur,Fall 2020,2020-08-01,2020-10-31,1
STNR018810,42430,PROJEKTLEDELSE,7,7-trinsskala,5,Afløsningsopgave,ekstern censur,Spring 2021,2021-02-01,2021-05-03,1
STNR018810,PRA62-30,INGENIORPRAKTIK,BE,bestået/ikke bestået,30,Praktik,intern censur,Spring 2021,2021-02-01,2021-05-03,1
STNR018810,2157,FUNKTIONSPROGRAMMERING,4,7-trinsskala,5,Skriftlig,ekstern censur,"Fall 2021, Spring 2021",2021-02-01,2021-08-02,2
STNR018810,2450,INTRODUKTION TIL MACHINE LEARNING OG DATA MINING,BE,7-trinsskala,5,Skriftlig,ekstern censur,Fall 2021,2021-08-01,2021-10-31,1
STNR018810,2807,BEREGNINGSMAESSIGE VAERKTOJER TIL DATAVIDENSKAB,10,7-trinsskala,5,Afløsningsopgave,intern censur,Fall 2021,2021-08-01,2021-10-31,1
STNR018810,42435,VIRKSOMHEDSSTART,7,7-trinsskala,5,Skriftlig,ekstern censur,Fall 2021,2021-08-01,2021-10-31,1
STNR018810,62999,INNOVATION PILOT,7,7-trinsskala,10,Afløsningsopgave,intern censur,Fall 2021,2021-08-01,2021-10-31,1
STNR022586,2313,UDVIKLINGSMETODER TIL IT-SYSTEMER,12,7-trinsskala,5,Skriftlig,ekstern censur,Fall 2018,2018-08-01,2018-10-31,1
STNR022586,2315,VERSIONSSTYRING OG TESTMETODER,10,7-trinsskala,5,Afløsningsopgave,ekstern censur,Fall 2018,2018-08-01,2018-10-31,1
STNR022586,2324,VIDEREGAENDE PROGRAMMERING,4,7-trinsskala,10,Skriftlig,ekstern censur,Spring 2019,2019-02-01,2019-05-03,1
STNR022586,2327,INDLEDENDE DATABASER OG DATABASEPROGRAMMERING,2,7-trinsskala,5,Afløsningsopgave,intern censur,Spring 2019,2019-02-01,2019-05-03,1
STNR022586,62409,C PROGRAMMERING FOR JAVA PROGRAMMORER,12,7-trinsskala,5,Mundtlig,intern censur,Spring 2019,2019-02-01,2019-05-03,1
STNR022586,62577,DATAKOMMUNIKATION,7,7-trinsskala,5,Afløsningsopgave,ekstern censur,Spring 2019,2019-02-01,2019-05-03,1
STNR022586,2326,ALGORITMER OG DATASTRUKTURER,IG,7-trinsskala,5,Skriftlig,ekstern censur,"Spring 2020, Spring 2019",2019-02-01,2019-08-02,2
STNR022586,1901,BASISMAT - INDLEDENDE MATEMATIK FOR DIPLOMINGENIORER,7,7-trinsskala,5,Afløsningsopgave,intern censur,Fall 2019,2019-08-01,2019-10-31,1
STNR022586,1904,DISKRET MATEMATIK,10,7-trinsskala,5,Skriftlig,intern censur,Fall 2019,2019-08-01,2019-10-31,1
STNR022586,2312,INDLEDENDE PROGRAMMERING,10,7-trinsskala,10,Mundtlig,ekstern censur,Fall 2019,2019-08-01,2019-10-31,1
STNR022586,2369,SOFTWARE PROCESSER OG MONSTRE,BE,7-trinsskala,5,Afløsningsopgave,ekstern censur,Fall 2019,2019-08-01,2019-10-31,1
STNR022586,1920,BASISMAT 2 - VIDEREGAENDE MATEMATIK FOR DIPLOMINGENIORER,7,7-trinsskala,5,Skriftlig,intern censur,Spring 2020,2020-02-01,2020-05-02,1
STNR022586,62410,CDIO-PROJEKT,10,7-trinsskala,10,Mundtlig,intern censur,Spring 2020,2020-02-01,2020-05-02,1
STNR022586,2346,DISTRIBUEREDE OG PARALLELLE SYSTEMER,2,7-trinsskala,5,Skriftlig,ekstern censur,"Spring 2020, Spring 2021",2020-02-01,2020-08-01,2
STNR022586,2323,INTRODUKTION TIL STATISTIK,4,7-trinsskala,5,Skriftlig,ekstern censur,Fall 2020,2020-08-01,2020-10-31,1
STNR022586,2332,COMPILERTEKNIK,7,7-trinsskala,5,Skriftlig,intern censur,Fall 2020,2020-08-01,2020-10-31,1
STNR022586,2823,COMPUTERSPILPROTOTYPER,12,7-trinsskala,5,Skriftlig,intern censur,Fall 2020,2020-08-01,2020-10-31,1
STNR022586,62550,BRUGERINTERAKTION OG UDVIKLING PA MOBILE ENHEDER,10,7-trinsskala,10,Skriftlig,ekstern censur,Fall 2020,2020-08-01,2020-10-31,1
STNR022586,62588,OPERATIVSYSTEMER,12,7-trinsskala,5,Skriftlig,ekstern censur,Fall 2020,2020-08-01,2020-10-31,1
STNR022586,62419,SYSTEM- OG NETVAERKSSIKKERHED - PROJEKT,EM,7-trinsskala,5,Mundtlig,intern censur,Spring 2021,2021-02-01,2021-05-03,1
STNR022586,62501,LINUX SERVER OG NETVAERK,EM,7-trinsskala,5,Skriftlig,intern censur,Spring 2021,2021-02-01,2021-05-03,1
STNR022586,62530,NETVAERKSSIKKERHED,12,7-trinsskala,5,Skriftlig,intern censur,Spring 2021,2021-02-01,2021-05-03,1
STNR022586,62573,PROGRAMMERING AF INTELLIGENTE KORETOJER OG MOBILE APPLIKATIONER,BE,bestået/ikke bestået,5,Afløsningsopgave,intern censur,Spring 2021,2021-02-01,2021-05-03,1
STNR022586,42430,PROJEKTLEDELSE,7,7-trinsskala,5,Mundtlig,ekstern censur,Fall 2021,2021-08-01,2021-10-31,1
STNR022586,62999,INNOVATION PILOT,4,7-trinsskala,10,Afløsningsopgave,intern censur,Fall 2021,2021-08-01,2021-10-31,1
STNR022587,2313,UDVIKLINGSMETODER TIL IT-SYSTEMER,7,7-trinsskala,5,Skriftlig,ekstern censur,Fall 2018,2018-08-01,2018-10-31,1
STNR022587,2315,VERSIONSSTYRING OG TESTMETODER,12,7-trinsskala,5,Afløsningsopgave,ekstern censur,Fall 2018,2018-08-01,2018-10-31,1
STNR022587,2324,VIDEREGAENDE PROGRAMMERING,12,7-trinsskala,10,Skriftlig,ekstern censur,Spring 2019,2019-02-01,2019-05-03,1
STNR022587,2326,ALGORITMER OG DATASTRUKTURER,10,7-trinsskala,5,Skriftlig,ekstern censur,Spring 2019,2019-02-01,2019-05-03,1
STNR022587,2327,INDLEDENDE DATABASER OG DATABASEPROGRAMMERING,7,7-trinsskala,5,Afløsningsopgave,intern censur,Spring 2019,2019-02-01,2019-05-03,1
STNR022587,62409,C PROGRAMMERING FOR JAVA PROGRAMMORER,4,7-trinsskala,5,Mundtlig,intern censur,Spring 2019,2019-02-01,2019-05-03,1
STNR022587,62577,DATAKOMMUNIKATION,10,7-trinsskala,5,Afløsningsopgave,ekstern censur,Spring 2019,2019-02-01,2019-05-03,1
STNR022587,1901,BASISMAT - INDLEDENDE MATEMATIK FOR DIPLOMINGENIORER,10,7-trinsskala,5,Afløsningsopgave,intern censur,Fall 2019,2019-08-01,2019-10-31,1
STNR022587,1904,DISKRET MATEMATIK,10,7-trinsskala,5,Skriftlig,intern censur,Fall 2019,2019-08-01,2019-10-31,1
STNR022587,2312,INDLEDENDE PROGRAMMERING,10,7-trinsskala,10,Mundtlig,ekstern censur,Fall 2019,2019-08-01,2019-10-31,1
STNR022587,2323,INTRODUKTION TIL STATISTIK,7,7-trinsskala,5,Skriftlig,ekstern censur,Fall 2019,2019-08-01,2019-10-31,1
STNR022587,2369,SOFTWARE PROCESSER OG MONSTRE,BE,7-trinsskala,5,Afløsningsopgave,ekstern censur,Fall 2019,2019-08-01,2019-10-31,1
STNR022587,1920,BASISMAT 2 - VIDEREGAENDE MATEMATIK FOR DIPLOMINGENIORER,4,7-trinsskala,5,Skriftlig,intern censur,Spring 2020,2020-02-01,2020-05-02,1
STNR022587,2180,INTRODUKTION TIL KUNSTIG INTELLIGENS,7,7-trinsskala,5,Skriftlig,ekstern censur,Spring 2020,2020-02-01,2020-05-02,1
STNR022587,2346,DISTRIBUEREDE OG PARALLELLE SYSTEMER,4,7-trinsskala,5,Skriftlig,ekstern censur,Spring 2020,2020-02-01,2020-05-02,1
STNR022587,62410,CDIO-PROJEKT,10,7-trinsskala,10,Mundtlig,intern censur,Spring 2020,2020-02-01,2020-05-02,1
STNR022587,62413,AVANCERET OBJEKTORIENTERET PROGRAMMERING MED C# OG .NET,10,7-trinsskala,5,Mundtlig,intern censur,Spring 2020,2020-02-01,2020-05-02,1
STNR022587,2332,COMPILERTEKNIK,10,7-trinsskala,5,Skriftlig,intern censur,Fall 2020,2020-08-01,2020-10-31,1
STNR022587,62407,INTERNET OF THINGS - TEORI OG PRAKSIS,2,7-trinsskala,5,Mundtlig,intern censur,Fall 2020,2020-08-01,2020-10-31,1
STNR022587,62550,BRUGERINTERAKTION OG UDVIKLING PA MOBILE ENHEDER,10,7-trinsskala,10,Skriftlig,ekstern censur,Fall 2020,2020-08-01,2020-10-31,1
STNR022587,62588,OPERATIVSYSTEMER,7,7-trinsskala,5,Skriftlig,ekstern censur,Fall 2020,2020-08-01,2020-10-31,1
STNR022587,62501,LINUX SERVER OG NETVAERK,10,7-trinsskala,5,Skriftlig,intern censur,Spring 2021,2021-02-01,2021-05-03,1
STNR022587,62530,NETVAERKSSIKKERHED,12,7-trinsskala,5,Skriftlig,intern censur,Spring 2021,2021-02-01,2021-05-03,1
STNR022587,62597,"BACKENDUDVIKLING, DRIFT OG DISTRIBUEREDE SYSTEMER",12,7-trinsskala,5,Skriftlig,intern censur,Spring 2021,2021-02-01,2021-05-03,1
STNR022587,2450,INTRODUKTION TIL MACHINE LEARNING OG DATA MINING,BE,7-trinsskala,5,Skriftlig,ekstern censur,Fall 2021,2021-08-01,2021-10-31,1
STNR022587,42430,PROJEKTLEDELSE,12,7-trinsskala,5,Mundtlig,ekstern censur,Fall 2021,2021-08-01,2021-10-31,1
STNR022587,62999,INNOVATION PILOT,10,7-trinsskala,10,Afløsningsopgave,intern censur,Fall 2021,2021-08-01,2021-10-31,1
STNR022764,2313,UDVIKLINGSMETODER TIL IT-SYSTEMER,12,7-trinsskala,5,Skriftlig,ekstern censur,Fall 2018,2018-08-01,2018-10-31,1
STNR022764,2315,VERSIONSSTYRING OG TESTMETODER,10,7-trinsskala,5,Afløsningsopgave,ekstern censur,Fall 2018,2018-08-01,2018-10-31,1
STNR022764,2324,VIDEREGAENDE PROGRAMMERING,12,7-trinsskala,10,Skriftlig,ekstern censur,Spring 2019,2019-02-01,2019-05-03,1
STNR022764,2326,ALGORITMER OG DATASTRUKTURER,7,7-trinsskala,5,Skriftlig,ekstern censur,Spring 2019,2019-02-01,2019-05-03,1
STNR022764,2327,INDLEDENDE DATABASER OG DATABASEPROGRAMMERING,10,7-trinsskala,5,Afløsningsopgave,intern censur,Spring 2019,2019-02-01,2019-05-03,1
STNR022764,62409,C PROGRAMMERING FOR JAVA PROGRAMMORER,4,7-trinsskala,5,Mundtlig,intern censur,Spring 2019,2019-02-01,2019-05-03,1
STNR022764,62577,DATAKOMMUNIKATION,7,7-trinsskala,5,Afløsningsopgave,ekstern censur,Spring 2019,2019-02-01,2019-05-03,1
STNR022764,1901,BASISMAT - INDLEDENDE MATEMATIK FOR DIPLOMINGENIORER,7,7-trinsskala,5,Afløsningsopgave,intern censur,Fall 2019,2019-08-01,2019-10-31,1
STNR022764,1904,DISKRET MATEMATIK,10,7-trinsskala,5,Skriftlig,intern censur,Fall 2019,2019-08-01,2019-10-31,1
STNR022764,2312,INDLEDENDE PROGRAMMERING,10,7-trinsskala,10,Mundtlig,ekstern censur,Fall 2019,2019-08-01,2019-10-31,1
STNR022764,2323,INTRODUKTION TIL STATISTIK,10,7-trinsskala,5,Skriftlig,ekstern censur,Fall 2019,2019-08-01,2019-10-31,1
STNR022764,2369,SOFTWARE PROCESSER OG MONSTRE,BE,7-trinsskala,5,Afløsningsopgave,ekstern censur,Fall 2019,2019-08-01,2019-10-31,1
STNR022764,1920,BASISMAT 2 - VIDEREGAENDE MATEMATIK FOR DIPLOMINGENIORER,12,7-trinsskala,5,Skriftlig,intern censur,Spring 2020,2020-02-01,2020-05-02,1
STNR022764,2180,INTRODUKTION TIL KUNSTIG INTELLIGENS,10,7-trinsskala,5,Skriftlig,ekstern censur,Spring 2020,2020-02-01,2020-05-02,1
STNR022764,2346,DISTRIBUEREDE OG PARALLELLE SYSTEMER,10,7-trinsskala,5,Skriftlig,ekstern censur,Spring 2020,2020-02-01,2020-05-02,1
STNR022764,34315,INTERNET OF THINGS - APPLIKATION OG INFRASTRUKTUR UDVIKLING,10,bestået/ikke bestået,5,Skriftlig,intern censur,Spring 2020,2020-02-01,2020-05-02,1
STNR022764,62410,CDIO-PROJEKT,10,7-trinsskala,10,Mundtlig,intern censur,Spring 2020,2020-02-01,2020-05-02,1
STNR022764,2110,ALGORITMER OG DATASTRUKTURER 2,7,7-trinsskala,5,Skriftlig,ekstern censur,Fall 2020,2020-08-01,2020-10-31,1
STNR022764,2332,COMPILERTEKNIK,7,7-trinsskala,5,Skriftlig,intern censur,Fall 2020,2020-08-01,2020-10-31,1
STNR022764,62550,BRUGERINTERAKTION OG UDVIKLING PA MOBILE ENHEDER,10,7-trinsskala,10,Skriftlig,ekstern censur,Fall 2020,2020-08-01,2020-10-31,1
STNR022764,62588,OPERATIVSYSTEMER,7,7-trinsskala,5,Skriftlig,ekstern censur,Fall 2020,2020-08-01,2020-10-31,1
STNR022764,PRA62-30,INGENIORPRAKTIK,BE,bestået/ikke bestået,30,Praktik,intern censur,Spring 2021,2021-02-01,2021-05-03,1
STNR022764,2157,FUNKTIONSPROGRAMMERING,7,7-trinsskala,5,Skriftlig,ekstern censur,Fall 2021,2021-08-01,2021-10-31,1
STNR022764,2450,INTRODUKTION TIL MACHINE LEARNING OG DATA MINING,BE,7-trinsskala,5,Skriftlig,ekstern censur,Fall 2021,2021-08-01,2021-10-31,1
STNR022764,2807,BEREGNINGSMAESSIGE VAERKTOJER TIL DATAVIDENSKAB,10,7-trinsskala,5,Afløsningsopgave,intern censur,Fall 2021,2021-08-01,2021-10-31,1
STNR022764,62999,INNOVATION PILOT,7,7-trinsskala,10,Afløsningsopgave,intern censur,Fall 2021,2021-08-01,2021-10-31,1
STNR022765,2315,VERSIONSSTYRING OG TESTMETODER,12,7-trinsskala,5,Afløsningsopgave,ekstern censur,Fall 2018,2018-08-01,2018-10-31,1
STNR022765,2313,UDVIKLINGSMETODER TIL IT-SYSTEMER,0,7-trinsskala,5,Skriftlig,ekstern censur,"Spring 2019, Fall 2018",2018-08-01,2019-01-30,2
STNR022765,2324,VIDEREGAENDE PROGRAMMERING,12,7-trinsskala,10,Skriftlig,ekstern censur,Spring 2019,2019-02-01,2019-05-03,1
STNR022765,2326,ALGORITMER OG DATASTRUKTURER,7,7-trinsskala,5,Skriftlig,ekstern censur,Spring 2019,2019-02-01,2019-05-03,1
STNR022765,2327,INDLEDENDE DATABASER OG DATABASEPROGRAMMERING,12,7-trinsskala,5,Afløsningsopgave,intern censur,Spring 2019,2019-02-01,2019-05-03,1
STNR022765,62409,C PROGRAMMERING FOR JAVA PROGRAMMORER,7,7-trinsskala,5,Mundtlig,intern censur,Spring 2019,2019-02-01,2019-05-03,1
STNR022765,62577,DATAKOMMUNIKATION,12,7-trinsskala,5,Afløsningsopgave,ekstern censur,Spring 2019,2019-02-01,2019-05-03,1
STNR022765,1901,BASISMAT - INDLEDENDE MATEMATIK FOR DIPLOMINGENIORER,4,7-trinsskala,5,Afløsningsopgave,intern censur,Fall 2019,2019-08-01,2019-10-31,1
STNR022765,1904,DISKRET MATEMATIK,7,7-trinsskala,5,Skriftlig,intern censur,Fall 2019,2019-08-01,2019-10-31,1
STNR022765,2312,INDLEDENDE PROGRAMMERING,10,7-trinsskala,10,Mundtlig,ekstern censur,Fall 2019,2019-08-01,2019-10-31,1
STNR022765,2323,INTRODUKTION TIL STATISTIK,4,7-trinsskala,5,Skriftlig,ekstern censur,Fall 2019,2019-08-01,2019-10-31,1
STNR022765,2369,SOFTWARE PROCESSER OG MONSTRE,BE,7-trinsskala,5,Afløsningsopgave,ekstern censur,Fall 2019,2019-08-01,2019-10-31,1
STNR022765,1920,BASISMAT 2 - VIDEREGAENDE MATEMATIK FOR DIPLOMINGENIORER,12,7-trinsskala,5,Skriftlig,intern censur,Spring 2020,2020-02-01,2020-05-02,1
STNR022765,2180,INTRODUKTION TIL KUNSTIG INTELLIGENS,7,7-trinsskala,5,Skriftlig,ekstern censur,Spring 2020,2020-02-01,2020-05-02,1
STNR022765,2346,DISTRIBUEREDE OG PARALLELLE SYSTEMER,10,7-trinsskala,5,Skriftlig,ekstern censur,Spring 2020,2020-02-01,2020-05-02,1
STNR022765,34315,INTERNET OF THINGS - APPLIKATION OG INFRASTRUKTUR UDVIKLING,10,bestået/ikke bestået,5,Skriftlig,intern censur,Spring 2020,2020-02-01,2020-05-02,1
STNR022765,62410,CDIO-PROJEKT,10,7-trinsskala,10,Mundtlig,intern censur,Spring 2020,2020-02-01,2020-05-02,1
STNR022765,2110,ALGORITMER OG DATASTRUKTURER 2,7,7-trinsskala,5,Skriftlig,ekstern censur,Fall 2020,2020-08-01,2020-10-31,1
STNR022765,2332,COMPILERTEKNIK,7,7-trinsskala,5,Skriftlig,intern censur,Fall 2020,2020-08-01,2020-10-31,1
STNR022765,62550,BRUGERINTERAKTION OG UDVIKLING PA MOBILE ENHEDER,7,7-trinsskala,10,Skriftlig,ekstern censur,Fall 2020,2020-08-01,2020-10-31,1
STNR022765,62588,OPERATIVSYSTEMER,12,7-trinsskala,5,Skriftlig,ekstern censur,Fall 2020,2020-08-01,2020-10-31,1
STNR022765,PRA62-30,INGENIORPRAKTIK,BE,bestået/ikke bestået,30,Praktik,intern censur,Spring 2021,2021-02-01,2021-05-03,1
STNR022765,2157,FUNKTIONSPROGRAMMERING,10,7-trinsskala,5,Skriftlig,ekstern censur,Fall 2021,2021-08-01,2021-10-31,1
STNR022765,2450,INTRODUKTION TIL MACHINE LEARNING OG DATA MINING,BE,7-trinsskala,5,Skriftlig,ekstern censur,Fall 2021,2021-08-01,2021-10-31,1
STNR022765,2807,BEREGNINGSMAESSIGE VAERKTOJER TIL DATAVIDENSKAB,12,7-trinsskala,5,Afløsningsopgave,intern censur,Fall 2021,2021-08-01,2021-10-31,1
STNR022765,62999,INNOVATION PILOT,7,7-trinsskala,10,Afløsningsopgave,intern censur,Fall 2021,2021-08-01,2021-10-31,1
STNR022766,2313,UDVIKLINGSMETODER TIL IT-SYSTEMER,2,7-trinsskala,5,Skriftlig,ekstern censur,Fall 2018,2018-08-01,2018-10-31,1
STNR022766,2315,VERSIONSSTYRING OG TESTMETODER,10,7-trinsskala,5,Afløsningsopgave,ekstern censur,Fall 2018,2018-08-01,2018-10-31,1
STNR022766,2324,VIDEREGAENDE PROGRAMMERING,12,7-trinsskala,10,Skriftlig,ekstern censur,Spring 2019,2019-02-01,2019-05-03,1
STNR022766,2326,ALGORITMER OG DATASTRUKTURER,4,7-trinsskala,5,Skriftlig,ekstern censur,Spring 2019,2019-02-01,2019-05-03,1
STNR022766,2327,INDLEDENDE DATABASER OG DATABASEPROGRAMMERING,4,7-trinsskala,5,Afløsningsopgave,intern censur,Spring 2019,2019-02-01,2019-05-03,1
STNR022766,62409,C PROGRAMMERING FOR JAVA PROGRAMMORER,7,7-trinsskala,5,Mundtlig,intern censur,Spring 2019,2019-02-01,2019-05-03,1
STNR022766,62577,DATAKOMMUNIKATION,7,7-trinsskala,5,Afløsningsopgave,ekstern censur,Spring 2019,2019-02-01,2019-05-03,1
STNR022766,1901,BASISMAT - INDLEDENDE MATEMATIK FOR DIPLOMINGENIORER,4,7-trinsskala,5,Afløsningsopgave,intern censur,Fall 2019,2019-08-01,2019-10-31,1
STNR022766,1904,DISKRET MATEMATIK,7,7-trinsskala,5,Skriftlig,intern censur,Fall 2019,2019-08-01,2019-10-31,1
STNR022766,2312,INDLEDENDE PROGRAMMERING,12,7-trinsskala,10,Mundtlig,ekstern censur,Fall 2019,2019-08-01,2019-10-31,1
STNR022766,2369,SOFTWARE PROCESSER OG MONSTRE,BE,7-trinsskala,5,Afløsningsopgave,ekstern censur,Fall 2019,2019-08-01,2019-10-31,1
STNR022766,2323,INTRODUKTION TIL STATISTIK,10,7-trinsskala,5,Skriftlig,ekstern censur,"Fall 2019, Spring 2020, Spring 2021",2019-08-01,2020-04-30,3
STNR022766,1920,BASISMAT 2 - VIDEREGAENDE MATEMATIK FOR DIPLOMINGENIORER,4,7-trinsskala,5,Skriftlig,intern censur,Spring 2020,2020-02-01,2020-05-02,1
STNR022766,2346,DISTRIBUEREDE OG PARALLELLE SYSTEMER,2,7-trinsskala,5,Skriftlig,ekstern censur,Spring 2020,2020-02-01,2020-05-02,1
STNR022766,62410,CDIO-PROJEKT,10,7-trinsskala,10,Mundtlig,intern censur,Spring 2020,2020-02-01,2020-05-02,1
STNR022766,62501,LINUX SERVER OG NETVAERK,10,7-trinsskala,5,Skriftlig,intern censur,Spring 2020,2020-02-01,2020-05-02,1
STNR022766,62596,DISTRIBUEREDE SYSTEMER,7,7-trinsskala,5,Skriftlig,intern censur,Spring 2020,2020-02-01,2020-05-02,1
STNR022766,2332,COMPILERTEKNIK,7,7-trinsskala,5,Skriftlig,intern censur,Fall 2020,2020-08-01,2020-10-31,1
STNR022766,62530,NETVAERKSSIKKERHED,7,7-trinsskala,5,Skriftlig,intern censur,Fall 2020,2020-08-01,2020-10-31,1
STNR022766,62550,BRUGERINTERAKTION OG UDVIKLING PA MOBILE ENHEDER,7,7-trinsskala,10,Skriftlig,ekstern censur,Fall 2020,2020-08-01,2020-10-31,1
STNR022766,62588,OPERATIVSYSTEMER,7,7-trinsskala,5,Skriftlig,ekstern censur,Fall 2020,2020-08-01,2020-10-31,1
STNR022766,62598,KUNSTIG INTELLIGENS I COMPUTERSPIL,10,7-trinsskala,5,Skriftlig,intern censur,Fall 2020,2020-08-01,2020-10-31,1
STNR022766,34315,INTERNET OF THINGS - APPLIKATION OG INFRASTRUKTUR UDVIKLING,7,bestået/ikke bestået,5,Skriftlig,intern censur,Spring 2021,2021-02-01,2021-05-03,1
STNR022766,62413,AVANCERET OBJEKTORIENTERET PROGRAMMERING MED C# OG .NET,12,7-trinsskala,5,Mundtlig,intern censur,Spring 2021,2021-02-01,2021-05-03,1
STNR022766,2148,INTRODUKTION TIL KOORDINERING AF FORDELTE APPLIKATIONER,10,7-trinsskala,5,Skriftlig,intern censur,Fall 2021,2021-08-01,2021-10-31,1
STNR022766,62527,BIG DATA,7,7-trinsskala,5,Skriftlig,ekstern censur,Fall 2021,2021-08-01,2021-10-31,1
STNR022766,62999,INNOVATION PILOT,7,7-trinsskala,10,Afløsningsopgave,intern censur,Fall 2021,2021-08-01,2021-10-31,1
STNR022767,2313,UDVIKLINGSMETODER TIL IT-SYSTEMER,12,7-trinsskala,5,Skriftlig,ekstern censur,Fall 2018,2018-08-01,2018-10-31,1
STNR022767,2315,VERSIONSSTYRING OG TESTMETODER,7,7-trinsskala,5,Afløsningsopgave,ekstern censur,Fall 2018,2018-08-01,2018-10-31,1
STNR022767,2324,VIDEREGAENDE PROGRAMMERING,10,7-trinsskala,10,Skriftlig,ekstern censur,Spring 2019,2019-02-01,2019-05-03,1
STNR022767,2327,INDLEDENDE DATABASER OG DATABASEPROGRAMMERING,4,7-trinsskala,5,Afløsningsopgave,intern censur,Spring 2019,2019-02-01,2019-05-03,1
STNR022767,62409,C PROGRAMMERING FOR JAVA PROGRAMMORER,2,7-trinsskala,5,Mundtlig,intern censur,Spring 2019,2019-02-01,2019-05-03,1
STNR022767,62577,DATAKOMMUNIKATION,12,7-trinsskala,5,Afløsningsopgave,ekstern censur,Spring 2019,2019-02-01,2019-05-03,1
STNR022767,2326,ALGORITMER OG DATASTRUKTURER,0,7-trinsskala,5,Skriftlig,ekstern censur,"Spring 2019, Spring 2019",2019-02-01,2019-08-02,2
STNR022767,1901,BASISMAT - INDLEDENDE MATEMATIK FOR DIPLOMINGENIORER,10,7-trinsskala,5,Afløsningsopgave,intern censur,Fall 2019,2019-08-01,2019-10-31,1
STNR022767,1904,DISKRET MATEMATIK,7,7-trinsskala,5,Skriftlig,intern censur,Fall 2019,2019-08-01,2019-10-31,1
STNR022767,2312,INDLEDENDE PROGRAMMERING,7,7-trinsskala,10,Mundtlig,ekstern censur,Fall 2019,2019-08-01,2019-10-31,1
STNR022767,2323,INTRODUKTION TIL STATISTIK,7,7-trinsskala,5,Skriftlig,ekstern censur,Fall 2019,2019-08-01,2019-10-31,1
STNR022767,2369,SOFTWARE PROCESSER OG MONSTRE,BE,7-trinsskala,5,Afløsningsopgave,ekstern censur,Fall 2019,2019-08-01,2019-10-31,1
STNR022767,1920,BASISMAT 2 - VIDEREGAENDE MATEMATIK FOR DIPLOMINGENIORER,7,7-trinsskala,5,Skriftlig,intern censur,Spring 2020,2020-02-01,2020-05-02,1
STNR022767,2180,INTRODUKTION TIL KUNSTIG INTELLIGENS,4,7-trinsskala,5,Skriftlig,ekstern censur,Spring 2020,2020-02-01,2020-05-02,1
STNR022767,2346,DISTRIBUEREDE OG PARALLELLE SYSTEMER,4,7-trinsskala,5,Skriftlig,ekstern censur,Spring 2020,2020-02-01,2020-05-02,1
STNR022767,62410,CDIO-PROJEKT,7,7-trinsskala,10,Mundtlig,intern censur,Spring 2020,2020-02-01,2020-05-02,1
STNR022767,62413,AVANCERET OBJEKTORIENTERET PROGRAMMERING MED C# OG .NET,4,7-trinsskala,5,Mundtlig,intern censur,Spring 2020,2020-02-01,2020-05-02,1
STNR022767,2332,COMPILERTEKNIK,4,7-trinsskala,5,Skriftlig,intern censur,Fall 2020,2020-08-01,2020-10-31,1
STNR022767,62407,INTERNET OF THINGS - TEORI OG PRAKSIS,2,7-trinsskala,5,Mundtlig,intern censur,Fall 2020,2020-08-01,2020-10-31,1
STNR022767,62530,NETVAERKSSIKKERHED,7,7-trinsskala,5,Skriftlig,intern censur,Fall 2020,2020-08-01,2020-10-31,1
STNR022767,62550,BRUGERINTERAKTION OG UDVIKLING PA MOBILE ENHEDER,7,7-trinsskala,10,Skriftlig,ekstern censur,Fall 2020,2020-08-01,2020-10-31,1
STNR022767,62588,OPERATIVSYSTEMER,7,7-trinsskala,5,Skriftlig,ekstern censur,Fall 2020,2020-08-01,2020-10-31,1
STNR022767,PRA62-30,INGENIORPRAKTIK,BE,bestået/ikke bestået,30,Praktik,intern censur,Spring 2021,2021-02-01,2021-05-03,1
STNR022767,62437,VIDEREGAENDE MOBILAPPLIKATIONSUDVIKLING MED PROJEKT,7,7-trinsskala,10,Afløsningsopgave,intern censur,Fall 2021,2021-08-01,2021-10-31,1
STNR022767,62999,INNOVATION PILOT,2,7-trinsskala,10,Afløsningsopgave,intern censur,Fall 2021,2021-08-01,2021-10-31,1
STNR022772,2315,VERSIONSSTYRING OG TESTMETODER,12,7-trinsskala,5,Afløsningsopgave,ekstern censur,Fall 2018,2018-08-01,2018-10-31,1
STNR022772,2313,UDVIKLINGSMETODER TIL IT-SYSTEMER,4,7-trinsskala,5,Skriftlig,ekstern censur,"Fall 2018, Fall 2020",2018-08-01,2019-01-30,2
STNR022772,2324,VIDEREGAENDE PROGRAMMERING,12,7-trinsskala,10,Skriftlig,ekstern censur,Spring 2019,2019-02-01,2019-05-03,1
STNR022772,2326,ALGORITMER OG DATASTRUKTURER,7,7-trinsskala,5,Skriftlig,ekstern censur,Spring 2019,2019-02-01,2019-05-03,1
STNR022772,2327,INDLEDENDE DATABASER OG DATABASEPROGRAMMERING,10,7-trinsskala,5,Afløsningsopgave,intern censur,Spring 2019,2019-02-01,2019-05-03,1
STNR022772,62409,C PROGRAMMERING FOR JAVA PROGRAMMORER,4,7-trinsskala,5,Mundtlig,intern censur,Spring 2019,2019-02-01,2019-05-03,1
STNR022772,62577,DATAKOMMUNIKATION,7,7-trinsskala,5,Afløsningsopgave,ekstern censur,Spring 2019,2019-02-01,2019-05-03,1
STNR022772,1901,BASISMAT - INDLEDENDE MATEMATIK FOR DIPLOMINGENIORER,7,7-trinsskala,5,Afløsningsopgave,intern censur,Fall 2019,2019-08-01,2019-10-31,1
STNR022772,1904,DISKRET MATEMATIK,10,7-trinsskala,5,Skriftlig,intern censur,Fall 2019,2019-08-01,2019-10-31,1
STNR022772,2312,INDLEDENDE PROGRAMMERING,7,7-trinsskala,10,Mundtlig,ekstern censur,Fall 2019,2019-08-01,2019-10-31,1
STNR022772,2369,SOFTWARE PROCESSER OG MONSTRE,BE,7-trinsskala,5,Afløsningsopgave,ekstern censur,Fall 2019,2019-08-01,2019-10-31,1
STNR022772,2323,INTRODUKTION TIL STATISTIK,4,7-trinsskala,5,Skriftlig,ekstern censur,"Fall 2019, Spring 2020",2019-08-01,2020-01-30,2
STNR022772,1920,BASISMAT 2 - VIDEREGAENDE MATEMATIK FOR DIPLOMINGENIORER,10,7-trinsskala,5,Skriftlig,intern censur,Spring 2020,2020-02-01,2020-05-02,1
STNR022772,2180,INTRODUKTION TIL KUNSTIG INTELLIGENS,10,7-trinsskala,5,Skriftlig,ekstern censur,Spring 2020,2020-02-01,2020-05-02,1
STNR022772,2346,DISTRIBUEREDE OG PARALLELLE SYSTEMER,4,7-trinsskala,5,Skriftlig,ekstern censur,Spring 2020,2020-02-01,2020-05-02,1
STNR022772,34315,INTERNET OF THINGS - APPLIKATION OG INFRASTRUKTUR UDVIKLING,10,bestået/ikke bestået,5,Skriftlig,intern censur,Spring 2020,2020-02-01,2020-05-02,1
STNR022772,62410,CDIO-PROJEKT,10,7-trinsskala,10,Mundtlig,intern censur,Spring 2020,2020-02-01,2020-05-02,1
STNR022772,2110,ALGORITMER OG DATASTRUKTURER 2,7,7-trinsskala,5,Skriftlig,ekstern censur,Fall 2020,2020-08-01,2020-10-31,1
STNR022772,2332,COMPILERTEKNIK,7,7-trinsskala,5,Skriftlig,intern censur,Fall 2020,2020-08-01,2020-10-31,1
STNR022772,62550,BRUGERINTERAKTION OG UDVIKLING PA MOBILE ENHEDER,10,7-trinsskala,10,Skriftlig,ekstern censur,Fall 2020,2020-08-01,2020-10-31,1
STNR022772,62588,OPERATIVSYSTEMER,4,7-trinsskala,5,Skriftlig,ekstern censur,Fall 2020,2020-08-01,2020-10-31,1
STNR022772,2157,FUNKTIONSPROGRAMMERING,0,7-trinsskala,5,Skriftlig,ekstern censur,Fall 2021,2021-08-01,2021-10-31,1
STNR022772,2450,INTRODUKTION TIL MACHINE LEARNING OG DATA MINING,BE,7-trinsskala,5,Skriftlig,ekstern censur,Fall 2021,2021-08-01,2021-10-31,1
STNR022772,2807,BEREGNINGSMAESSIGE VAERKTOJER TIL DATAVIDENSKAB,12,7-trinsskala,5,Afløsningsopgave,intern censur,Fall 2021,2021-08-01,2021-10-31,1
STNR022772,62999,INNOVATION PILOT,7,7-trinsskala,10,Afløsningsopgave,intern censur,Fall 2021,2021-08-01,2021-10-31,1
STNR022775,2313,UDVIKLINGSMETODER TIL IT-SYSTEMER,7,7-trinsskala,5,Skriftlig,ekstern censur,Fall 2018,2018-08-01,2018-10-31,1
STNR022775,2315,VERSIONSSTYRING OG TESTMETODER,12,7-trinsskala,5,Afløsningsopgave,ekstern censur,Fall 2018,2018-08-01,2018-10-31,1
STNR022775,2324,VIDEREGAENDE PROGRAMMERING,12,7-trinsskala,10,Skriftlig,ekstern censur,Spring 2019,2019-02-01,2019-05-03,1
STNR022775,2326,ALGORITMER OG DATASTRUKTURER,2,7-trinsskala,5,Skriftlig,ekstern censur,Spring 2019,2019-02-01,2019-05-03,1
STNR022775,2327,INDLEDENDE DATABASER OG DATABASEPROGRAMMERING,4,7-trinsskala,5,Afløsningsopgave,intern censur,Spring 2019,2019-02-01,2019-05-03,1
STNR022775,62409,C PROGRAMMERING FOR JAVA PROGRAMMORER,7,7-trinsskala,5,Mundtlig,intern censur,Spring 2019,2019-02-01,2019-05-03,1
STNR022775,62577,DATAKOMMUNIKATION,10,7-trinsskala,5,Afløsningsopgave,ekstern censur,Spring 2019,2019-02-01,2019-05-03,1
STNR022775,1901,BASISMAT - INDLEDENDE MATEMATIK FOR DIPLOMINGENIORER,10,7-trinsskala,5,Afløsningsopgave,intern censur,Fall 2019,2019-08-01,2019-10-31,1
STNR022775,1904,DISKRET MATEMATIK,10,7-trinsskala,5,Skriftlig,intern censur,Fall 2019,2019-08-01,2019-10-31,1
STNR022775,2312,INDLEDENDE PROGRAMMERING,12,7-trinsskala,10,Mundtlig,ekstern censur,Fall 2019,2019-08-01,2019-10-31,1
STNR022775,2369,SOFTWARE PROCESSER OG MONSTRE,BE,7-trinsskala,5,Afløsningsopgave,ekstern censur,Fall 2019,2019-08-01,2019-10-31,1
STNR022775,2323,INTRODUKTION TIL STATISTIK,0,7-trinsskala,5,Skriftlig,ekstern censur,"Fall 2019, Spring 2020",2019-08-01,2020-01-30,2
STNR022775,1920,BASISMAT 2 - VIDEREGAENDE MATEMATIK FOR DIPLOMINGENIORER,4,7-trinsskala,5,Skriftlig,intern censur,Spring 2020,2020-02-01,2020-05-02,1
STNR022775,62410,CDIO-PROJEKT,10,7-trinsskala,10,Mundtlig,intern censur,Spring 2020,2020-02-01,2020-05-02,1
STNR022775,62417,MOBIL APPLIKATIONSUDVIKLING MED SWIFT,4,7-trinsskala,5,Mundtlig,intern censur,Spring 2020,2020-02-01,2020-05-02,1
STNR022775,62501,LINUX SERVER OG NETVAERK,4,7-trinsskala,5,Skriftlig,intern censur,"Spring 2020, Spring 2020",2020-02-01,2020-08-01,2
STNR022775,2332,COMPILERTEKNIK,10,7-trinsskala,5,Skriftlig,intern censur,Fall 2020,2020-08-01,2020-10-31,1
STNR022775,62530,NETVAERKSSIKKERHED,10,7-trinsskala,5,Skriftlig,intern censur,Fall 2020,2020-08-01,2020-10-31,1
STNR022775,62550,BRUGERINTERAKTION OG UDVIKLING PA MOBILE ENHEDER,10,7-trinsskala,10,Skriftlig,ekstern censur,Fall 2020,2020-08-01,2020-10-31,1
STNR022775,62588,OPERATIVSYSTEMER,4,7-trinsskala,5,Skriftlig,ekstern censur,Fall 2020,2020-08-01,2020-10-31,1
STNR022775,62598,KUNSTIG INTELLIGENS I COMPUTERSPIL,12,7-trinsskala,5,Skriftlig,intern censur,Fall 2020,2020-08-01,2020-10-31,1
STNR022775,1410,KRYPTOLOGI 1,2,7-trinsskala,5,Skriftlig,ekstern censur,Spring 2021,2021-02-01,2021-05-03,1
STNR022775,2346,DISTRIBUEREDE OG PARALLELLE SYSTEMER,4,7-trinsskala,5,Skriftlig,ekstern censur,Spring 2021,2021-02-01,2021-05-03,1
STNR022775,62413,AVANCERET OBJEKTORIENTERET PROGRAMMERING MED C# OG .NET,10,7-trinsskala,5,Mundtlig,intern censur,Spring 2021,2021-02-01,2021-05-03,1
STNR022775,2148,INTRODUKTION TIL KOORDINERING AF FORDELTE APPLIKATIONER,10,7-trinsskala,5,Skriftlig,intern censur,Fall 2021,2021-08-01,2021-10-31,1
STNR022775,62416,VIDEREGAENDE MOBILAPPLIKATIONSUDVIKLING,7,7-trinsskala,5,Afløsningsopgave,intern censur,Fall 2021,2021-08-01,2021-10-31,1
STNR022775,62999,INNOVATION PILOT,4,7-trinsskala,10,Afløsningsopgave,intern censur,Fall 2021,2021-08-01,2021-10-31,1
STNR022777,2313,UDVIKLINGSMETODER TIL IT-SYSTEMER,7,7-trinsskala,5,Skriftlig,ekstern censur,Fall 2018,2018-08-01,2018-10-31,1
STNR022777,2315,VERSIONSSTYRING OG TESTMETODER,10,7-trinsskala,5,Afløsningsopgave,ekstern censur,Fall 2018,2018-08-01,2018-10-31,1
STNR022777,2324,VIDEREGAENDE PROGRAMMERING,12,7-trinsskala,10,Skriftlig,ekstern censur,Spring 2019,2019-02-01,2019-05-03,1
STNR022777,2326,ALGORITMER OG DATASTRUKTURER,2,7-trinsskala,5,Skriftlig,ekstern censur,Spring 2019,2019-02-01,2019-05-03,1
STNR022777,2327,INDLEDENDE DATABASER OG DATABASEPROGRAMMERING,4,7-trinsskala,5,Afløsningsopgave,intern censur,Spring 2019,2019-02-01,2019-05-03,1
STNR022777,62409,C PROGRAMMERING FOR JAVA PROGRAMMORER,10,7-trinsskala,5,Mundtlig,intern censur,Spring 2019,2019-02-01,2019-05-03,1
STNR022777,62577,DATAKOMMUNIKATION,4,7-trinsskala,5,Afløsningsopgave,ekstern censur,Spring 2019,2019-02-01,2019-05-03,1
STNR022777,1901,BASISMAT - INDLEDENDE MATEMATIK FOR DIPLOMINGENIORER,2,7-trinsskala,5,Afløsningsopgave,intern censur,Fall 2019,2019-08-01,2019-10-31,1
STNR022777,1904,DISKRET MATEMATIK,10,7-trinsskala,5,Skriftlig,intern censur,Fall 2019,2019-08-01,2019-10-31,1
STNR022777,2312,INDLEDENDE PROGRAMMERING,10,7-trinsskala,10,Mundtlig,ekstern censur,Fall 2019,2019-08-01,2019-10-31,1
STNR022777,2323,INTRODUKTION TIL STATISTIK,4,7-trinsskala,5,Skriftlig,ekstern censur,Fall 2019,2019-08-01,2019-10-31,1
STNR022777,2369,SOFTWARE PROCESSER OG MONSTRE,BE,7-trinsskala,5,Afløsningsopgave,ekstern censur,Fall 2019,2019-08-01,2019-10-31,1
STNR022777,1920,BASISMAT 2 - VIDEREGAENDE MATEMATIK FOR DIPLOMINGENIORER,7,7-trinsskala,5,Skriftlig,intern censur,Spring 2020,2020-02-01,2020-05-02,1
STNR022777,62410,CDIO-PROJEKT,10,7-trinsskala,10,Mundtlig,intern censur,Spring 2020,2020-02-01,2020-05-02,1
STNR022777,62596,DISTRIBUEREDE SYSTEMER,7,7-trinsskala,5,Skriftlig,intern censur,Spring 2020,2020-02-01,2020-05-02,1
STNR022777,2346,DISTRIBUEREDE OG PARALLELLE SYSTEMER,7,7-trinsskala,5,Skriftlig,ekstern censur,"Spring 2020, Spring 2021",2020-02-01,2020-08-01,2
STNR022777,62501,LINUX SERVER OG NETVAERK,10,7-trinsskala,5,Skriftlig,intern censur,"Spring 2020, Spring 2020",2020-02-01,2020-08-01,2
STNR022777,2332,COMPILERTEKNIK,7,7-trinsskala,5,Skriftlig,intern censur,Fall 2020,2020-08-01,2020-10-31,1
STNR022777,2393,PROGRAMMERING I C++,BE,bestået/ikke bestået,5,Skriftlig,intern censur,Fall 2020,2020-08-01,2020-10-31,1
STNR022777,62530,NETVAERKSSIKKERHED,10,7-trinsskala,5,Skriftlig,intern censur,Fall 2020,2020-08-01,2020-10-31,1
STNR022777,62550,BRUGERINTERAKTION OG UDVIKLING PA MOBILE ENHEDER,10,7-trinsskala,10,Skriftlig,ekstern censur,Fall 2020,2020-08-01,2020-10-31,1
STNR022777,62588,OPERATIVSYSTEMER,4,7-trinsskala,5,Skriftlig,ekstern censur,Fall 2020,2020-08-01,2020-10-31,1
STNR022777,62413,AVANCERET OBJEKTORIENTERET PROGRAMMERING MED C# OG .NET,12,7-trinsskala,5,Mundtlig,intern censur,Spring 2021,2021-02-01,2021-05-03,1
STNR022777,2148,INTRODUKTION TIL KOORDINERING AF FORDELTE APPLIKATIONER,7,7-trinsskala,5,Skriftlig,intern censur,Fall 2021,2021-08-01,2021-10-31,1
STNR022777,62437,VIDEREGAENDE MOBILAPPLIKATIONSUDVIKLING MED PROJEKT,12,7-trinsskala,10,Afløsningsopgave,intern censur,Fall 2021,2021-08-01,2021-10-31,1
STNR022777,62999,INNOVATION PILOT,10,7-trinsskala,10,Afløsningsopgave,intern censur,Fall 2021,2021-08-01,2021-10-31,1
STNR025211,2313,UDVIKLINGSMETODER TIL IT-SYSTEMER,12,7-trinsskala,5,Skriftlig,ekstern censur,Fall 2018,2018-08-01,2018-10-31,1
STNR025211,2315,VERSIONSSTYRING OG TESTMETODER,12,7-trinsskala,5,Afløsningsopgave,ekstern censur,Fall 2018,2018-08-01,2018-10-31,1
STNR025211,2324,VIDEREGAENDE PROGRAMMERING,12,7-trinsskala,10,Skriftlig,ekstern censur,Spring 2019,2019-02-01,2019-05-03,1
STNR025211,2326,ALGORITMER OG DATASTRUKTURER,7,7-trinsskala,5,Skriftlig,ekstern censur,Spring 2019,2019-02-01,2019-05-03,1
STNR025211,2327,INDLEDENDE DATABASER OG DATABASEPROGRAMMERING,4,7-trinsskala,5,Afløsningsopgave,intern censur,Spring 2019,2019-02-01,2019-05-03,1
STNR025211,62409,C PROGRAMMERING FOR JAVA PROGRAMMORER,12,7-trinsskala,5,Mundtlig,intern censur,Spring 2019,2019-02-01,2019-05-03,1
STNR025211,62577,DATAKOMMUNIKATION,10,7-trinsskala,5,Afløsningsopgave,ekstern censur,Spring 2019,2019-02-01,2019-05-03,1
STNR025211,1901,BASISMAT - INDLEDENDE MATEMATIK FOR DIPLOMINGENIORER,10,7-trinsskala,5,Afløsningsopgave,intern censur,Fall 2019,2019-08-01,2019-10-31,1
STNR025211,1904,DISKRET MATEMATIK,10,7-trinsskala,5,Skriftlig,intern censur,Fall 2019,2019-08-01,2019-10-31,1
STNR025211,2312,INDLEDENDE PROGRAMMERING,12,7-trinsskala,10,Mundtlig,ekstern censur,Fall 2019,2019-08-01,2019-10-31,1
STNR025211,2323,INTRODUKTION TIL STATISTIK,7,7-trinsskala,5,Skriftlig,ekstern censur,Fall 2019,2019-08-01,2019-10-31,1
STNR025211,2369,SOFTWARE PROCESSER OG MONSTRE,BE,7-trinsskala,5,Afløsningsopgave,ekstern censur,Fall 2019,2019-08-01,2019-10-31,1
STNR025211,1920,BASISMAT 2 - VIDEREGAENDE MATEMATIK FOR DIPLOMINGENIORER,10,7-trinsskala,5,Skriftlig,intern censur,Spring 2020,2020-02-01,2020-05-02,1
STNR025211,62410,CDIO-PROJEKT,12,7-trinsskala,10,Mundtlig,intern censur,Spring 2020,2020-02-01,2020-05-02,1
STNR025211,62413,AVANCERET OBJEKTORIENTERET PROGRAMMERING MED C# OG .NET,10,7-trinsskala,5,Mundtlig,intern censur,Spring 2020,2020-02-01,2020-05-02,1
STNR025211,2450,INTRODUKTION TIL MACHINE LEARNING OG DATA MINING,2,7-trinsskala,5,Skriftlig,ekstern censur,"Spring 2020, Spring 2021",2020-02-01,2020-08-01,2
STNR025211,2110,ALGORITMER OG DATASTRUKTURER 2,0,7-trinsskala,5,Skriftlig,ekstern censur,Fall 2020,2020-08-01,2020-10-31,1
STNR025211,2332,COMPILERTEKNIK,4,7-trinsskala,5,Skriftlig,intern censur,Fall 2020,2020-08-01,2020-10-31,1
STNR025211,62550,BRUGERINTERAKTION OG UDVIKLING PA MOBILE ENHEDER,12,7-trinsskala,10,Skriftlig,ekstern censur,Fall 2020,2020-08-01,2020-10-31,1
STNR025211,62588,OPERATIVSYSTEMER,10,7-trinsskala,5,Skriftlig,ekstern censur,Fall 2020,2020-08-01,2020-10-31,1
STNR025211,62598,KUNSTIG INTELLIGENS I COMPUTERSPIL,12,7-trinsskala,5,Skriftlig,intern censur,Fall 2020,2020-08-01,2020-10-31,1
STNR025211,2180,INTRODUKTION TIL KUNSTIG INTELLIGENS,7,7-trinsskala,5,Skriftlig,ekstern censur,Spring 2021,2021-02-01,2021-05-03,1
STNR025211,2193,ETISK HACKING,12,7-trinsskala,5,Afløsningsopgave,intern censur,Spring 2021,2021-02-01,2021-05-03,1
STNR025211,2346,DISTRIBUEREDE OG PARALLELLE SYSTEMER,10,7-trinsskala,5,Skriftlig,ekstern censur,Spring 2021,2021-02-01,2021-05-03,1
STNR025211,2148,INTRODUKTION TIL KOORDINERING AF FORDELTE APPLIKATIONER,12,7-trinsskala,5,Skriftlig,intern censur,Fall 2021,2021-08-01,2021-10-31,1
STNR025211,62999,INNOVATION PILOT,12,7-trinsskala,10,Afløsningsopgave,intern censur,Fall 2021,2021-08-01,2021-10-31,1
STNR025352,2313,UDVIKLINGSMETODER TIL IT-SYSTEMER,7,7-trinsskala,5,Skriftlig,ekstern censur,Fall 2018,2018-08-01,2018-10-31,1
STNR025352,2315,VERSIONSSTYRING OG TESTMETODER,12,7-trinsskala,5,Afløsningsopgave,ekstern censur,Fall 2018,2018-08-01,2018-10-31,1
STNR025352,1037,MATEMATIK 2,EM,7-trinsskala,5,Skriftlig,ekstern censur,Spring 2019,2019-02-01,2019-05-03,1
STNR025352,2324,VIDEREGAENDE PROGRAMMERING,12,7-trinsskala,10,Skriftlig,ekstern censur,Spring 2019,2019-02-01,2019-05-03,1
STNR025352,2327,INDLEDENDE DATABASER OG DATABASEPROGRAMMERING,10,7-trinsskala,5,Afløsningsopgave,intern censur,Spring 2019,2019-02-01,2019-05-03,1
STNR025352,62409,C PROGRAMMERING FOR JAVA PROGRAMMORER,12,7-trinsskala,5,Mundtlig,intern censur,Spring 2019,2019-02-01,2019-05-03,1
STNR025352,62577,DATAKOMMUNIKATION,10,7-trinsskala,5,Afløsningsopgave,ekstern censur,Spring 2019,2019-02-01,2019-05-03,1
STNR025352,2326,ALGORITMER OG DATASTRUKTURER,10,7-trinsskala,5,Skriftlig,ekstern censur,"Spring 2019, Spring 2019",2019-02-01,2019-08-02,2
STNR025352,1901,BASISMAT - INDLEDENDE MATEMATIK FOR DIPLOMINGENIORER,10,7-trinsskala,5,Afløsningsopgave,intern censur,Fall 2019,2019-08-01,2019-10-31,1
STNR025352,1904,DISKRET MATEMATIK,7,7-trinsskala,5,Skriftlig,intern censur,Fall 2019,2019-08-01,2019-10-31,1
STNR025352,2312,INDLEDENDE PROGRAMMERING,7,7-trinsskala,10,Mundtlig,ekstern censur,Fall 2019,2019-08-01,2019-10-31,1
STNR025352,2323,INTRODUKTION TIL STATISTIK,IG,7-trinsskala,5,Skriftlig,ekstern censur,Fall 2019,2019-08-01,2019-10-31,1
STNR025352,2369,SOFTWARE PROCESSER OG MONSTRE,BE,7-trinsskala,5,Afløsningsopgave,ekstern censur,Fall 2019,2019-08-01,2019-10-31,1
STNR025352,1920,BASISMAT 2 - VIDEREGAENDE MATEMATIK FOR DIPLOMINGENIORER,-3,7-trinsskala,5,Skriftlig,intern censur,Spring 2020,2020-02-01,2020-05-02,1
STNR025352,2346,DISTRIBUEREDE OG PARALLELLE SYSTEMER,IG,7-trinsskala,5,Skriftlig,ekstern censur,Spring 2020,2020-02-01,2020-05-02,1
STNR025352,2450,INTRODUKTION TIL MACHINE LEARNING OG DATA MINING,EM,7-trinsskala,5,Skriftlig,ekstern censur,Spring 2020,2020-02-01,2020-05-02,1
STNR025352,62410,CDIO-PROJEKT,7,7-trinsskala,10,Mundtlig,intern censur,Spring 2020,2020-02-01,2020-05-02,1
STNR025352,2110,ALGORITMER OG DATASTRUKTURER 2,IG,7-trinsskala,5,Skriftlig,ekstern censur,Fall 2020,2020-08-01,2020-10-31,1
STNR025352,2332,COMPILERTEKNIK,EM,7-trinsskala,5,Skriftlig,intern censur,Fall 2020,2020-08-01,2020-10-31,1
STNR025352,2393,PROGRAMMERING I C++,BE,bestået/ikke bestået,5,Skriftlig,intern censur,Fall 2020,2020-08-01,2020-10-31,1
STNR025352,42922,LEDELSE OG ORGANISATION,7,7-trinsskala,5,Skriftlig,ekstern censur,Fall 2020,2020-08-01,2020-10-31,1
STNR025352,62550,BRUGERINTERAKTION OG UDVIKLING PA MOBILE ENHEDER,10,7-trinsskala,10,Skriftlig,ekstern censur,Fall 2020,2020-08-01,2020-10-31,1
STNR025352,62588,OPERATIVSYSTEMER,10,7-trinsskala,5,Skriftlig,ekstern censur,Fall 2020,2020-08-01,2020-10-31,1
STNR025352,62530,NETVAERKSSIKKERHED,EM,7-trinsskala,5,Skriftlig,intern censur,Spring 2021,2021-02-01,2021-05-03,1
STNR025352,62597,"BACKENDUDVIKLING, DRIFT OG DISTRIBUEREDE SYSTEMER",EM,7-trinsskala,5,Skriftlig,intern censur,Spring 2021,2021-02-01,2021-05-03,1
STNR025352,62527,BIG DATA,EM,7-trinsskala,5,Skriftlig,ekstern censur,Fall 2021,2021-08-01,2021-10-31,1
STNR025352,62999,INNOVATION PILOT,7,7-trinsskala,10,Afløsningsopgave,intern censur,Fall 2021,2021-08-01,2021-10-31,1
STNR025493,2313,UDVIKLINGSMETODER TIL IT-SYSTEMER,7,7-trinsskala,5,Skriftlig,ekstern censur,Fall 2017,2017-08-01,2017-10-31,1
STNR025493,2315,VERSIONSSTYRING OG TESTMETODER,12,7-trinsskala,5,Afløsningsopgave,ekstern censur,Fall 2017,2017-08-01,2017-10-31,1
STNR025493,2324,VIDEREGAENDE PROGRAMMERING,7,7-trinsskala,10,Skriftlig,ekstern censur,Spring 2018,2018-02-01,2018-05-03,1
STNR025493,2327,INDLEDENDE DATABASER OG DATABASEPROGRAMMERING,7,7-trinsskala,5,Afløsningsopgave,intern censur,Spring 2018,2018-02-01,2018-05-03,1
STNR025493,62409,C PROGRAMMERING FOR JAVA PROGRAMMORER,7,7-trinsskala,5,Mundtlig,intern censur,Spring 2018,2018-02-01,2018-05-03,1
STNR025493,2326,ALGORITMER OG DATASTRUKTURER,0,7-trinsskala,5,Skriftlig,ekstern censur,"Spring 2018, Spring 2018",2018-02-01,2018-08-02,2
STNR025493,62577,DATAKOMMUNIKATION,2,7-trinsskala,5,Afløsningsopgave,ekstern censur,"Spring 2018, Spring 2018",2018-02-01,2018-08-02,2
STNR025493,1901,BASISMAT - INDLEDENDE MATEMATIK FOR DIPLOMINGENIORER,4,7-trinsskala,5,Afløsningsopgave,intern censur,Fall 2018,2018-08-01,2018-10-31,1
STNR025493,1904,DISKRET MATEMATIK,2,7-trinsskala,5,Skriftlig,intern censur,Fall 2018,2018-08-01,2018-10-31,1
STNR025493,2312,INDLEDENDE PROGRAMMERING,7,7-trinsskala,10,Mundtlig,ekstern censur,Fall 2018,2018-08-01,2018-10-31,1
STNR025493,2323,INTRODUKTION TIL STATISTIK,4,7-trinsskala,5,Skriftlig,ekstern censur,"Fall 2018, Fall 2019",2018-08-01,2019-01-30,2
STNR025493,2369,SOFTWARE PROCESSER OG MONSTRE,IB,7-trinsskala,5,Afløsningsopgave,ekstern censur,"Fall 2018, Fall 2019, Fall 2020",2018-08-01,2019-05-01,3
STNR025493,1920,BASISMAT 2 - VIDEREGAENDE MATEMATIK FOR DIPLOMINGENIORER,2,7-trinsskala,5,Skriftlig,intern censur,Spring 2019,2019-02-01,2019-05-03,1
STNR025493,2346,DISTRIBUEREDE OG PARALLELLE SYSTEMER,4,7-trinsskala,5,Skriftlig,ekstern censur,Spring 2019,2019-02-01,2019-05-03,1
STNR025493,62410,CDIO-PROJEKT,7,7-trinsskala,10,Mundtlig,intern censur,Spring 2019,2019-02-01,2019-05-03,1
STNR025493,62413,AVANCERET OBJEKTORIENTERET PROGRAMMERING MED C# OG .NET,4,7-trinsskala,5,Mundtlig,intern censur,Spring 2019,2019-02-01,2019-05-03,1
STNR025493,2180,INTRODUKTION TIL KUNSTIG INTELLIGENS,0,7-trinsskala,5,Skriftlig,ekstern censur,"Spring 2019, Spring 2020",2019-02-01,2019-08-02,2
STNR025493,62530,NETVAERKSSIKKERHED,2,7-trinsskala,5,Skriftlig,intern censur,Fall 2019,2019-08-01,2019-10-31,1
STNR025493,62588,OPERATIVSYSTEMER,7,7-trinsskala,5,Skriftlig,ekstern censur,Fall 2019,2019-08-01,2019-10-31,1
STNR025493,62598,KUNSTIG INTELLIGENS I COMPUTERSPIL,10,7-trinsskala,5,Skriftlig,intern censur,Fall 2019,2019-08-01,2019-10-31,1
STNR025493,2332,COMPILERTEKNIK,0,7-trinsskala,5,Skriftlig,intern censur,"Fall 2020, Fall 2019",2019-08-01,2020-01-30,2
STNR025493,62550,BRUGERINTERAKTION OG UDVIKLING PA MOBILE ENHEDER,EM,7-trinsskala,10,Skriftlig,ekstern censur,"Fall 2019, Fall 2020, Fall 2021",2019-08-01,2020-04-30,3
STNR025493,62618,OKONOMI,4,bestået/ikke bestået,5,Skriftlig,intern censur,Spring 2020,2020-02-01,2020-05-02,1
STNR025493,62999,INNOVATION PILOT,10,7-trinsskala,10,Afløsningsopgave,intern censur,"Fall 2020, Spring 2020",2020-02-01,2020-08-01,2
STNR025493,2267,SOFTWAREUDVIKLING AF WEBTJENESTER,4,7-trinsskala,5,Skriftlig,intern censur,Fall 2020,2020-08-01,2020-10-31,1
STNR025493,PRA62-30,INGENIORPRAKTIK,EM,bestået/ikke bestået,30,Praktik,intern censur,Fall 2021,2021-08-01,2021-10-31,1
STNR025559,2313,UDVIKLINGSMETODER TIL IT-SYSTEMER,10,7-trinsskala,5,Skriftlig,ekstern censur,Fall 2017,2017-08-01,2017-10-31,1
STNR025559,2315,VERSIONSSTYRING OG TESTMETODER,10,7-trinsskala,5,Afløsningsopgave,ekstern censur,Fall 2017,2017-08-01,2017-10-31,1
STNR025559,2324,VIDEREGAENDE PROGRAMMERING,10,7-trinsskala,10,Skriftlig,ekstern censur,Spring 2018,2018-02-01,2018-05-03,1
STNR025559,2326,ALGORITMER OG DATASTRUKTURER,12,7-trinsskala,5,Skriftlig,ekstern censur,Spring 2018,2018-02-01,2018-05-03,1
STNR025559,2327,INDLEDENDE DATABASER OG DATABASEPROGRAMMERING,12,7-trinsskala,5,Afløsningsopgave,intern censur,Spring 2018,2018-02-01,2018-05-03,1
STNR025559,62409,C PROGRAMMERING FOR JAVA PROGRAMMORER,10,7-trinsskala,5,Mundtlig,intern censur,Spring 2018,2018-02-01,2018-05-03,1
STNR025559,62577,DATAKOMMUNIKATION,12,7-trinsskala,5,Afløsningsopgave,ekstern censur,Spring 2018,2018-02-01,2018-05-03,1
STNR025559,1901,BASISMAT - INDLEDENDE MATEMATIK FOR DIPLOMINGENIORER,4,7-trinsskala,5,Afløsningsopgave,intern censur,Fall 2018,2018-08-01,2018-10-31,1
STNR025559,1904,DISKRET MATEMATIK,7,7-trinsskala,5,Skriftlig,intern censur,Fall 2018,2018-08-01,2018-10-31,1
STNR025559,2312,INDLEDENDE PROGRAMMERING,7,7-trinsskala,10,Mundtlig,ekstern censur,Fall 2018,2018-08-01,2018-10-31,1
STNR025559,2323,INTRODUKTION TIL STATISTIK,4,7-trinsskala,5,Skriftlig,ekstern censur,Fall 2018,2018-08-01,2018-10-31,1
STNR025559,2369,SOFTWARE PROCESSER OG MONSTRE,12,7-trinsskala,5,Afløsningsopgave,ekstern censur,Fall 2018,2018-08-01,2018-10-31,1
STNR025559,1920,BASISMAT 2 - VIDEREGAENDE MATEMATIK FOR DIPLOMINGENIORER,4,7-trinsskala,5,Skriftlig,intern censur,Spring 2019,2019-02-01,2019-05-03,1
STNR025559,2346,DISTRIBUEREDE OG PARALLELLE SYSTEMER,7,7-trinsskala,5,Skriftlig,ekstern censur,Spring 2019,2019-02-01,2019-05-03,1
STNR025559,62410,CDIO-PROJEKT,10,7-trinsskala,10,Mundtlig,intern censur,Spring 2019,2019-02-01,2019-05-03,1
STNR025559,62413,AVANCERET OBJEKTORIENTERET PROGRAMMERING MED C# OG .NET,10,7-trinsskala,5,Mundtlig,intern censur,Spring 2019,2019-02-01,2019-05-03,1
STNR025559,62417,MOBIL APPLIKATIONSUDVIKLING MED SWIFT,7,7-trinsskala,5,Mundtlig,intern censur,Spring 2019,2019-02-01,2019-05-03,1
STNR025559,62501,LINUX SERVER OG NETVAERK,12,7-trinsskala,5,Skriftlig,intern censur,Spring 2019,2019-02-01,2019-05-03,1
STNR025559,2332,COMPILERTEKNIK,10,7-trinsskala,5,Skriftlig,intern censur,Fall 2019,2019-08-01,2019-10-31,1
STNR025559,62407,INTERNET OF THINGS - TEORI OG PRAKSIS,7,7-trinsskala,5,Mundtlig,intern censur,Fall 2019,2019-08-01,2019-10-31,1
STNR025559,62530,NETVAERKSSIKKERHED,12,7-trinsskala,5,Skriftlig,intern censur,Fall 2019,2019-08-01,2019-10-31,1
STNR025559,62550,BRUGERINTERAKTION OG UDVIKLING PA MOBILE ENHEDER,7,7-trinsskala,10,Skriftlig,ekstern censur,Fall 2019,2019-08-01,2019-10-31,1
STNR025559,62588,OPERATIVSYSTEMER,10,7-trinsskala,5,Skriftlig,ekstern censur,Fall 2019,2019-08-01,2019-10-31,1
STNR025559,S62-05-1,SPECIALKURSUS VED INSTITUT FOR INGENIORTEKNOLOGI OG -DIDAKTIK,BE,7-trinsskala,5,Projekt,intern censur,Fall 2019,2019-08-01,2019-10-31,1
STNR025559,PRA62-30,INGENIORPRAKTIK,BE,bestået/ikke bestået,30,Praktik,intern censur,Spring 2020,2020-02-01,2020-05-02,1
STNR025559,62598,KUNSTIG INTELLIGENS I COMPUTERSPIL,7,7-trinsskala,5,Skriftlig,intern censur,Fall 2020,2020-08-01,2020-10-31,1
STNR025559,62999,INNOVATION PILOT,7,7-trinsskala,10,Afløsningsopgave,intern censur,Fall 2020,2020-08-01,2020-10-31,1
STNR025559,2193,ETISK HACKING,7,7-trinsskala,5,Afløsningsopgave,intern censur,Spring 2021,2021-02-01,2021-05-03,1
STNR025559,DE62-20,INSTITUT FOR INGENIORTEKNOLOGI OG -DIDAKTIK,10,7-trinsskala,20,Projekt,ekstern censur,Fall 2021,2021-08-01,2021-10-31,1
